ALBERT SAMAIN; ALBERT SAMAIN ;;;;;;;
ANTOINE WATTEAU; ANTOINE WATTEAU ;;;;;;;
BRACKE DESROUSSEAUX; BRACKE DESROUSSEAUX ; BRACKE DEROUSSEEAUX ;;;;;;
CAROLUS; CAROLUS ;;;;;;;
CHANTELOUP; CHANTELOUP ;;;;;;;
CLEMENTINE DEMAN; CLEMENTINE DEMAN ;;;;;;;
COIGNET; COIGNET ;;;;;;;
DE LA CHATAIGNERAIE; DE LA CHATAIGNERAIE ;;;;;;;
DE LA FILATURE; DE LA FILATURE ;;;;;;;
DE LA MARNE; DE LA MARNE ;;;;;;;
DE LA NAVETTE; DE LA NAVETTE ;;;;;;;
DE L ARCHERIE; DE L ARCHERIE ;;;;;;;
DE LIEGE; DE LIEGE ;;;;;;;
DES ACACIAS; DES ACACIAS ;;;;;;;
DES CHALANDS; DES CHALANDS ;;;;;;;
DES ERABLES; DES ERABLES ;;;;;;;
DES FONDEURS; DES FONDEURS ;;;;;;;
DES JARDINS; DES JARDINS ; LES JARDINS ;;;;;;
DES MARRONNIERS; DES MARRONNIERS ; DES MARONNIERS ;;;;;;
DES METIERS; DES METIERS ;;;;;;;
DES MOULEURS; DES MOULEURS ;;;;;;;
DES MOULINS; DES MOULINS ;;;;;;;
DES NOISETIERS; DES NOISETIERS ; DES NOISETTIERS ;;;;;;
DES PEUPLIERS; DES PEUPLIERS ;;;;;;;
DES TILLEULS; DES TILLEULS ;;;;;;;
DEWAS; DEWAS ;;;;;;;
DU CHEMIN VERT; DU CHEMIN VERT ;;;;;;;
DU PONT DE FLANDRES; DU PONT DE FLANDRES ;;;;;;;
GEORGE SAND; GEORGE SAND ;;;;;;;
GHISLAINE DE FELIGONDE; GHISLAINE DE FELIGONDE ;;;;;;;
GUYNEMER; GUYNEMER ; GUY NEMER ;;;;;;
JULES VERNE; JULES VERNE ; JULES VERNES ;;;;;;
LEON BLUM; LEON BLUM ;;;;;;;
LEONARD DE VINCI; LEONARD DE VINCI ;;;;;;;
MADELEINE MARTINACHE; MADELEINE MARTINACHE ;;;;;;;
MARIE-LEONIE VANHOUTTE; MARIE-LEONIE VANHOUTTE ;;;;;;;
MARIE-THERESE VICOT-LHERMITTE; MARIE-THERESE VICOT-LHERMITTE ;;;;;;;
REYSA BERNSON; REYSA BERNSON ; REYSA BERSON ;;;;;;
ROMAIN ROLLAND; ROMAIN ROLLAND ;;;;;;;
SIMONE DE BEAUVOIR; SIMONE DE BEAUVOIR ; SIMONE DE BEAUVOI ;;;;;;
ADOLPHE MAX; ADOLPHE MAX ;;;;;;;
ALBERT; ALBERT ;;;;;;;
ARTHUR NOTEBART; ARTHUR NOTEBART ;;;;;;;
BUTIN; BUTIN ;;;;;;;
CHARLES SAINT-VENANT; CHARLES SAINT-VENANT ; CHARLES SAINTVENANT ;;;;;;
DE BRETAGNE; DE BRETAGNE ;;;;;;;
DE DUNKERQUE; DE DUNKERQUE ;;;;;;;
DE LA DELIVRANCE; DE LA DELIVRANCE ;;;;;;;
DE LA REPUBLIQUE; DE LA REPUBLIQUE ;;;;;;;
DE LA ROSERAIE; DE LA ROSERAIE ;;;;;;;
DE LA ROTONDE; DE LA ROTONDE ;;;;;;;
DE L ARCHITECTE LOUIS CORDONNIER; DE L ARCHITECTE LOUIS CORDONNIER ; DE L ARCHITECTE L CORDONNIER ; DE L ARCHITECTE CORDONNIER ; ARCHITECTE CORDONNIER ; ARCHITECTE LOUIS CORDONNIER ; DE L ARCHITECT CORDONNIER ; DE L ARCHITECTE LUIS CORDONNIER ;
DE L EUROPE; DE L EUROPE ;;;;;;;
DE MONT A CAMP; DE MONT A CAMP ; DE MONTA CAMP ;;;;;;
DE MORMAL; DE MORMAL ; MORMAL ; DE MOMAL ;;;;;
DE MUY; DE MUY ;;;;;;;
DENIS CORDONNIER; DENIS CORDONNIER ;;;;;;;
DES LILAS; DES LILAS ;;;;;;;
DES MARTYRS; DES MARTYRS ;;;;;;;
DES SAULES; DES SAULES ;;;;;;;
DORCHIES; DORCHIES ;;;;;;;
DU PARC MONCEAU; DU PARC MONCEAU ;;;;;;;
DU PEUPLE BELGE; DU PEUPLE BELGE ;;;;;;;
DU PRESIDENT HOOVER; DU PRESIDENT HOOVER ;;;;;;;
DU PRESIDENT JOHN-FITZGERALD KENNEDY; DU PRESIDENT JOHN-FITZGERALD KENNEDY ; DU PDT J FITZGERALD KENNEDY ; DU PRESIDENT KENNEDY ; KENNEDY ;;;;
DURAY; DURAY ;;;;;;;
EMILE ZOLA; EMILE ZOLA ;;;;;;;
EUGENE VARLIN; EUGENE VARLIN ; EUGENE VERLIN ;;;;;;
FOCH; FOCH ;;;;;;;
GASTON BERGER; GASTON BERGER ;;;;;;;
JEAN MARIE FOSSIER; JEAN MARIE FOSSIER ;;;;;;;
LE CORBUSIER; LE CORBUSIER ;;;;;;;
LEO LAGRANGE; LEO LAGRANGE ;;;;;;;
LEON JOUHAUX; LEON JOUHAUX ;;;;;;;
LOUISE MICHEL; LOUISE MICHEL ;;;;;;;
MARIE-LOUISE DELWAULLE; MARIE-LOUISE DELWAULLE ;;;;;;;
MARX DORMOY; MARX DORMOY ; MAX DORMOY ;;;;;;
MATHIAS DELOBEL; MATHIAS DELOBEL ;;;;;;;
NELSON MANDELA; NELSON MANDELA ;;;;;;;
OSCAR LAMBRET; OSCAR LAMBRET ;;;;;;;
ROGER SALENGRO; ROGER SALENGRO ;;;;;;;
SALOMON; SALOMON ;;;;;;;
THOMAS MORE; THOMAS MORE ;;;;;;;
VERHAEREN; VERHAEREN ; VERHAEREN ;;;;;;
WILLY BRANDT; WILLY BRANDT ;;;;;;;
BIGO-DANEL; BIGO-DANEL ; BIGO DANEL ;;;;;;
CARNOT; CARNOT ;;;;;;;
D ALSACE; D ALSACE ;;;;;;;
DE BELFORT; DE BELFORT ; DE BELFORD ;;;;;;
DE LA LIBERTE; DE LA LIBERTE ;;;;;;;
DE LA LORRAINE; DE LA LORRAINE ;;;;;;;
DE LA MOSELLE; DE LA MOSELLE ;;;;;;;
DE LEEDS; DE LEEDS ;;;;;;;
DE L EPINE; DE L EPINE ;;;;;;;
DE L USINE; DE L USINE ;;;;;;;
DE METZ; DE METZ ;;;;;;;
DE STRASBOURG; DE STRASBOURG ; DE STRSBOURG ;;;;;;
DE TURIN; DE TURIN ;;;;;;;
DE VERDUN; DE VERDUN ;;;;;;;
DENIS PAPIN; DENIS PAPIN ; PAPIN ;;;;;;
DES CITES UNIES; DES CITES UNIES ;;;;;;;
DES DEFENSEURS DE LILLE; DES DEFENSEURS DE LILLE ;;;;;;;
DU DOCTEUR CALMETTE; DU DOCTEUR CALMETTE ; DE CALMETTE ; DE DOCTEUR CALMETTE ; DOCTEUR CALMETTE ;;;;
DU MARECHAL VAILLANT; DU MARECHAL VAILLANT ; MARECHAL VAILLANT ;;;;;;
DU PROFESSEUR JULES LECLERCQ; DU PROFESSEUR JULES LECLERCQ ;;;;;;;
EMILE DUBUISSON; EMILE DUBUISSON ;;;;;;;
EUGENE DUTHOIT; EUGENE DUTHOIT ;;;;;;;
JEAN-BAPTISTE LEBAS; JEAN-BAPTISTE LEBAS ; JEAN BAPTISTE LEBAS ; JEAN BATISTE LEBAS ; JEANBAPTISTE LEBAS ;;;;
LOUIS XIV; LOUIS XIV ;;;;;;;
MONTEBELLO; MONTEBELLO ;;;;;;;
PAUL PAINLEVE; PAUL PAINLEVE ;;;;;;;
VAUBAN; VAUBAN ;;;;;;;
DE LA FUNQUEE; DE LA FUNQUEE ;;;;;;;
BECU; BECU ;;;;;;;
DE BARGUES; DE BARGUES ;;;;;;;
DE LA COLLOSE; DE LA COLLOSE ;;;;;;;
DE LA COTONNIERE; DE LA COTONNIERE ;;;;;;;
DE SEQUEDIN; DE SEQUEDIN ;;;;;;;
DES BROUTTEUX; DES BROUTTEUX ; DES BROUTEUX ;;;;;;
DES MARGUERITOIS; DES MARGUERITOIS ; DES MARGUENTOIS ; DES MARGHERITOIS ;;;;;
DES TERRES OCRES; DES TERRES OCRES ;;;;;;;
DES VACHERS; DES VACHERS ;;;;;;;
DES WATTINETTES; DES WATTINETTES ;;;;;;;
DU BALLOT; DU BALLOT ;;;;;;;
DU BAZINGHIEN; DU BAZINGHIEN ; DE BAZINGHIEN ;;;;;;
DU PRIEURE; DU PRIEURE ;;;;;;;
DU ROMARIN; DU ROMARIN ;;;;;;;
LATERAL; LATERAL ;;;;;;;
LEHU; LEHU ;;;;;;;
LESCROART; LESCROART ;;;;;;;
BACQUET; BACQUET ;;;;;;;
BAUDUIN; BAUDUIN ;;;;;;;
BEFFE; BEFFE ;;;;;;;
BERTHOU; BERTHOU ;;;;;;;
BOQUILLON; BOQUILLON ;;;;;;;
BUISINE; BUISINE ;;;;;;;
CAPPE; CAPPE ;;;;;;;
CASSEVILLE; CASSEVILLE ;;;;;;;
CHANTRAINE; CHANTRAINE ;;;;;;;
CROMBET; CROMBET ;;;;;;;
CRUSOE; CRUSOE ;;;;;;;
D ARRAS; D ARRAS ;;;;;;;
DE KEISER; DE KEISER ;;;;;;;
DELEBART; DELEBART ;;;;;;;
DELMAR; DELMAR ;;;;;;;
DES POSTES; DES POSTES ; DES POSTE ;;;;;;
DES QUATRE CHEMINS; DES QUATRE CHEMINS ;;;;;;;
DUPONT; DUPONT ;;;;;;;
DUVINAGE; DUVINAGE ;;;;;;;
FAIDHERBE; FAIDHERBE ;;;;;;;
FAUCHILLE; FAUCHILLE ;;;;;;;
FRANCHOMME; FRANCHOMME ;;;;;;;
GALLOIS; GALLOIS ;;;;;;;
GOSSART; GOSSART ;;;;;;;
HOURRIEZ; HOURRIEZ ;;;;;;;
LAROY; LAROY ;;;;;;;
LECLERCQ; LECLERCQ ;;;;;;;
LEFEBVRE; LEFEBVRE ;;;;;;;
LENFANT; LENFANT ;;;;;;;
LETOMBE; LETOMBE ;;;;;;;
MASCART; MASCART ;;;;;;;
MENU; MENU ;;;;;;;
MONTHURY; MONTHURY ;;;;;;;
PALIN; PALIN ;;;;;;;
PESSE; PESSE ;;;;;;;
DE L OUEST; DE L OUEST ;;;;;;;
SAINT AUGUSTIN; SAINT AUGUSTIN ;;;;;;;
SAINT LOUIS; SAINT LOUIS ;;;;;;;
SAINTE ANNE; SAINTE ANNE ;;;;;;;
SAINTE MARIE; SAINTE MARIE ;;;;;;;
SAINT-MAURICE; SAINT-MAURICE ; SAINT MAURICE ;;;;;;
SAMAIN; SAMAIN ;;;;;;;
VAN DE WEGHE; VAN DE WEGHE ;;;;;;;
VANTORHOUDT; VANTORHOUDT ;;;;;;;
POTTIER; POTTIER ;;;;;;;
DE L HOTEL DE VILLE; DE L HOTEL DE VILLE ;;;;;;;
ANDRE; ANDRE ;;;;;;;
ANDRIES; ANDRIES ;;;;;;;
BARGE; BARGE ;;;;;;;
BECU; BECU ;;;;;;;
BECUVE; BECUVE ;;;;;;;
BEFFE; BEFFE ;;;;;;;
BENJAMIN; BENJAMIN ;;;;;;;
BILLET; BILLET ;;;;;;;
BLONDEAU; BLONDEAU ;;;;;;;
BOHEM; BOHEM ;;;;;;;
BOISSEAU; BOISSEAU ;;;;;;;
BONNET; BONNET ;;;;;;;
BONTE; BONTE ;;;;;;;
BOS; BOS ;;;;;;;
BOUCQUEY; BOUCQUEY ;;;;;;;
BRIDELANCE; BRIDELANCE ;;;;;;;
CACAN; CACAN ;;;;;;;
CADO; CADO ;;;;;;;
CARBONNET; CARBONNET ;;;;;;;
CAROUBLE; CAROUBLE ;;;;;;;
CASIER; CASIER ;;;;;;;
CAUCHE; CAUCHE ;;;;;;;
CONSTANT; CONSTANT ;;;;;;;
COPPIETERS; COPPIETERS ;;;;;;;
CROMBET; CROMBET ;;;;;;;
CROMBEZ; CROMBEZ ;;;;;;;
CUVELLE; CUVELLE ;;;;;;;
D ANTIN; D ANTIN ;;;;;;;
DE LA BELLE JARDINIERE; DE LA BELLE JARDINIERE ;;;;;;;
DE L AMBULANCE; DE L AMBULANCE ;;;;;;;
DE POLOGNE; DE POLOGNE ; DE LA POLOGNE ;;;;;;
DEBIL; DEBIL ;;;;;;;
DEBOUT; DEBOUT ;;;;;;;
DEBUCK; DEBUCK ;;;;;;;
DEFAUX; DEFAUX ;;;;;;;
DEFEVER; DEFEVER ;;;;;;;
DEFONTAINE; DEFONTAINE ;;;;;;;
DELATTRE; DELATTRE ;;;;;;;
DELBAERE; DELBAERE ;;;;;;;
DELRUE; DELRUE ;;;;;;;
DELVA; DELVA ;;;;;;;
DEMAIRE; DEMAIRE ;;;;;;;
DEMOY; DEMOY ;;;;;;;
DESCAMPS; DESCAMPS ;;;;;;;
DESWEZ; DESWEZ ;;;;;;;
DEWYT; DEWYT ;;;;;;;
DHAINE; DHAINE ;;;;;;;
D IENA; D IENA ;;;;;;;
DONZE; DONZE ;;;;;;;
DRUELLE; DRUELLE ;;;;;;;
DU CYGNE; DU CYGNE ;;;;;;;
DU VACHER; DU VACHER ;;;;;;;
DUBOIS; DUBOIS ;;;;;;;
DUPONT; DUPONT ;;;;;;;
FAGET; FAGET ;;;;;;;
FAIDHERBE; FAIDHERBE ;;;;;;;
FAVRELLE; FAVRELLE ;;;;;;;
FIEVET; FIEVET ;;;;;;;
FOURDIN; FOURDIN ;;;;;;;
FREMEAUX; FREMEAUX ;;;;;;;
FROMONT; FROMONT ;;;;;;;
GAUDIN; GAUDIN ;;;;;;;
GOURDIN; GOURDIN ;;;;;;;
GOUY; GOUY ;;;;;;;
GRUSON; GRUSON ;;;;;;;
GRUYELLE; GRUYELLE ;;;;;;;
ISBLED; ISBLED ;;;;;;;
JACQUERY; JACQUERY ;;;;;;;
JEAN-FRANCOIS CAIL; JEAN-FRANCOIS CAIL ;;;;;;;
JEANNE D ARC; JEANNE D ARC ; JEAN D ARC ;;;;;;
KINCKMANS; KINCKMANS ;;;;;;;
LANDAS; LANDAS ;;;;;;;
LE BARGY; LE BARGY ;;;;;;;
LEBLEU; LEBLEU ;;;;;;;
LECLERC; LECLERC ;;;;;;;
LECOQ; LECOQ ;;;;;;;
LEMIERE; LEMIERE ;;;;;;;
LENFANT; LENFANT ;;;;;;;
LEROUX; LEROUX ;;;;;;;
LONGPAS; LONGPAS ;;;;;;;
LOUBERT; LOUBERT ;;;;;;;
MALAKOFF; MALAKOFF ;;;;;;;
MATHURIN; MATHURIN ;;;;;;;
MEXICO; MEXICO ;;;;;;;
MIGNOT; MIGNOT ;;;;;;;
MODERNE; MODERNE ;;;;;;;
MONTAGNE; MONTAGNE ;;;;;;;
MORELLE; MORELLE ;;;;;;;
MOUTON BLANC; MOUTON BLANC ;;;;;;;
MULET; MULET ;;;;;;;
MULOT; MULOT ;;;;;;;
NARCISSE; NARCISSE ;;;;;;;
NEUVE; NEUVE ;;;;;;;
NOTRE DAME; NOTRE DAME ;;;;;;;
NOTRE-DAME; NOTRE-DAME ;;;;;;;
PECQUEUR; PECQUEUR ;;;;;;;
PHILIPPO; PHILIPPO ;;;;;;;
PREVOST; PREVOST ;;;;;;;
PRUVOST; PRUVOST ;;;;;;;
REBOUX; REBOUX ;;;;;;;
ROHART; ROHART ;;;;;;;
ROUSSEL; ROUSSEL ;;;;;;;
RUFFIAEN; RUFFIAEN ;;;;;;;
SAINT ARTHUR; SAINT ARTHUR ;;;;;;;
SAINT HONORE; SAINT HONORE ;;;;;;;
SAINT LAURENT; SAINT LAURENT ;;;;;;;
SAINT MARTIN; SAINT MARTIN ;;;;;;;
SAINT MICHEL; SAINT MICHEL ;;;;;;;
SAINT PIERRE; SAINT PIERRE ;;;;;;;
SAINT VICTOR; SAINT VICTOR ;;;;;;;
SAINTE AGNES; SAINTE AGNES ;;;;;;;
SAINTE ANNE; SAINTE ANNE ;;;;;;;
SAINTE MARGUERITE; SAINTE MARGUERITE ;;;;;;;
SAINT-LOUIS; SAINT-LOUIS ;;;;;;;
SEMULIER; SEMULIER ;;;;;;;
SERRURE; SERRURE ;;;;;;;
SIMON; SIMON ;;;;;;;
SOUBESPIN; SOUBESPIN ;;;;;;;
SPRIET; SPRIET ;;;;;;;
STAPPAERT; STAPPAERT ;;;;;;;
STIEN; STIEN ;;;;;;;
STIEVENAERT; STIEVENAERT ;;;;;;;
STRICANNE; STRICANNE ;;;;;;;
TIRLEMONT; TIRLEMONT ;;;;;;;
TOURTOIS; TOURTOIS ;;;;;;;
VANDENABELLE; VANDENABELLE ;;;;;;;
VANDERLINDEN; VANDERLINDEN ;;;;;;;
VANDEVELDE; VANDEVELDE ;;;;;;;
VANHOVE; VANHOVE ;;;;;;;
VANLATON; VANLATON ;;;;;;;
VERGAUVEN; VERGAUVEN ;;;;;;;
VERMEULEN; VERMEULEN ;;;;;;;
VIGNAL; VIGNAL ;;;;;;;
VILLA CAMILLE; VILLA CAMILLE ;;;;;;;
VINCENT; VINCENT ;;;;;;;
WAREIN; WAREIN ;;;;;;;
WATTEAU; WATTEAU ;;;;;;;
WATTECAMPS; WATTECAMPS ;;;;;;;
WYTTERHAEGHE; WYTTERHAEGHE ;;;;;;;
DE L ESPLANADE; DE L ESPLANADE ;;;;;;;
DE LA RENOVATION; DE LA RENOVATION ;;;;;;;
BARGE; BARGE ;;;;;;;
BECKER; BECKER ;;;;;;;
BLERIOT; BLERIOT ;;;;;;;
BOURJEMBOIS; BOURJEMBOIS ;;;;;;;
BUYSSE; BUYSSE ;;;;;;;
CONVAIN; CONVAIN ;;;;;;;
DARCHE; DARCHE ;;;;;;;
DE L OBSERVATOIRE; DE L OBSERVATOIRE ;;;;;;;
DE POLOGNE; DE POLOGNE ;;;;;;;
DES ACACIAS; DES ACACIAS ;;;;;;;
DES BERBERIS; DES BERBERIS ;;;;;;;
DES BUISSONS; DES BUISSONS ;;;;;;;
DES CHARDONS; DES CHARDONS ;;;;;;;
DES COUVREURS; DES COUVREURS ;;;;;;;
DES EGLANTIERS; DES EGLANTIERS ;;;;;;;
DES HOUX; DES HOUX ;;;;;;;
DES MIMOSAS; DES MIMOSAS ;;;;;;;
DES RAMEAUX; DES RAMEAUX ;;;;;;;
DES RONCES; DES RONCES ;;;;;;;
DES ROSIERS; DES ROSIERS ;;;;;;;
DES VIKINGS; DES VIKINGS ;;;;;;;
DES VINETTIERS; DES VINETTIERS ;;;;;;;
DEWAS; DEWAS ;;;;;;;
DEWOLF; DEWOLF ;;;;;;;
D ISLANDE; D ISLANDE ;;;;;;;
DU CLOS FERRER; DU CLOS FERRER ;;;;;;;
FLAVIGNY; FLAVIGNY ;;;;;;;
GROTARD; GROTARD ;;;;;;;
JACQUART; JACQUART ; JARQUARD ;;;;;;
LEFEBVRE; LEFEBVRE ;;;;;;;
LEGRAND; LEGRAND ;;;;;;;
LIEVIN; LIEVIN ;;;;;;;
MAISONS LIENARD; MAISONS LIENARD ;;;;;;;
MARIE; MARIE ;;;;;;;
MARTIN; MARTIN ;;;;;;;
MENU; MENU ;;;;;;;
MIRABEAU; MIRABEAU ;;;;;;;
PHILIPPE DE GIRARD; PHILIPPE DE GIRARD ;;;;;;;
REBOUX; REBOUX ;;;;;;;
SAINT ELOI; SAINT ELOI ; SAINTELOI ;;;;;;
SAINT FRANCOIS; SAINT FRANCOIS ;;;;;;;
SAINT LOUIS; SAINT LOUIS ;;;;;;;
SAINT RUTH; SAINT RUTH ;;;;;;;
SAINT-JOSEPH; SAINT-JOSEPH ;;;;;;;
SCALBERT; SCALBERT ;;;;;;;
STRICANNE; STRICANNE ;;;;;;;
THERMOTTE; THERMOTTE ;;;;;;;
THIEFFRY; THIEFFRY ;;;;;;;
VAN WANTERGHEM; VAN WANTERGHEM ;;;;;;;
VILAIN; VILAIN ;;;;;;;
VILLA LESAY; VILLA LESAY ;;;;;;;
DE CROIX; DE CROIX ;;;;;;;
DE ROTTERDAM; DE ROTTERDAM ;;;;;;;
NOTRE-DAME DE PELLEVOISIN; NOTRE-DAME DE PELLEVOISIN ;;;;;;;
SAINT-MICHEL; SAINT-MICHEL ;;;;;;;
DE LA CITE; DE LA CITE ;;;;;;;
DE L INTERNATIONALE; DE L INTERNATIONALE ;;;;;;;
DES ALOUETTES; DES ALOUETTES ;;;;;;;
DES PROMENEURS; DES PROMENEURS ;;;;;;;
DES TROIS ANGUILLES; DES TROIS ANGUILLES ;;;;;;;
FONTAINE DEL SAULX; FONTAINE DEL SAULX ; FONTAINE DELSAUX ; FONTAINE DEL SAUX ; FONTAINE DELSAUX ;;;;
NOTRE-DAME DE LA TREILLE; NOTRE-DAME DE LA TREILLE ;;;;;;;
DU MOULIN; DU MOULIN ;;;;;;;
DEGOUL; DEGOUL ;;;;;;;
LE MOINIER; LE MOINIER ;;;;;;;
DE L ALMA; DE L ALMA ;;;;;;;
ALBERT THOMAS; ALBERT THOMAS ; ALBET THOMAS ;;;;;;
ALEXANDRE DUMAS; ALEXANDRE DUMAS ;;;;;;;
ANTOINE TACQ; ANTOINE TACQ ;;;;;;;
AUGUSTIN LAURENT; AUGUSTIN LAURENT ;;;;;;;
AUX BLEUETS; AUX BLEUETS ;;;;;;;
AUX OIGNONS; AUX OIGNONS ;;;;;;;
BARTHELEMY DOREZ; BARTHELEMY DOREZ ;;;;;;;
BEAULIEU; BEAULIEU ;;;;;;;
CATINAT; CATINAT ;;;;;;;
CLEMENT ADER; CLEMENT ADER ;;;;;;;
CORMONTAIGNE; CORMONTAIGNE ;;;;;;;
DE BETHUNE; DE BETHUNE ; BETHUNE ;;;;;;
DE GAND; DE GAND ;;;;;;;
DE LA GARE; DE LA GARE ;;;;;;;
DE LA MEDITERANNEE; DE LA MEDITERANNEE ;;;;;;;
DE LA NOUVELLE AVENTURE; DE LA NOUVELLE AVENTURE ;;;;;;;
DE LA REPUBLIQUE; DE LA REPUBLIQUE ;;;;;;;
DE LA SOLIDARITE; DE LA SOLIDARITE ;;;;;;;
DE L ARBONNOISE; DE L ARBONNOISE ;;;;;;;
DE MONT A CAMP; DE MONT A CAMP ;;;;;;;
DE STRASBOURG; DE STRASBOURG ;;;;;;;
DE SUEDE; DE SUEDE ;;;;;;;
DE VERDUN; DE VERDUN ;;;;;;;
DELIOT; DELIOT ;;;;;;;
DELVOYE; DELVOYE ;;;;;;;
DES BUISSES; DES BUISSES ;;;;;;;
DES OUVRIERS; DES OUVRIERS ;;;;;;;
DES PATINIERS; DES PATINIERS ;;;;;;;
DES POETES; DES POETES ;;;;;;;
DES REIGNAUX; DES REIGNAUX ;;;;;;;
DES TISSERANDS; DES TISSERANDS ;;;;;;;
DESIRE BOUCHEE; DESIRE BOUCHEE ;;;;;;;
DU CARNAVAL; DU CARNAVAL ;;;;;;;
DU CONCERT; DU CONCERT ; CONCERT ;;;;;;
DU GARD; DU GARD ;;;;;;;
DU GENERAL DE GAULLE; DU GENERAL DE GAULLE ;;;;;;;
DU LION D OR; DU LION D OR ;;;;;;;
DU MARECHAL LECLERC; DU MARECHAL LECLERC ;;;;;;;
DU MONT DE TERRE; DU MONT DE TERRE ;;;;;;;
DU PRIEURE; DU PRIEURE ;;;;;;;
DU TEMPLE; DU TEMPLE ;;;;;;;
DU THEATRE; DU THEATRE ;;;;;;;
DU VIEUX MARCHE AUX CHEVAUX; DU VIEUX MARCHE AUX CHEVAUX ;;;;;;;
EDITH CAVELL; EDITH CAVELL ;;;;;;;
EDMOND DOMPSIN; EDMOND DOMPSIN ;;;;;;;
FERNIG; FERNIG ; FERNING ;;;;;;
FRANCOIS MARCQ; FRANCOIS MARCQ ;;;;;;;
GENEVIERES; GENEVIERES ;;;;;;;
GENTIL-MUIRON; GENTIL-MUIRON ; GENTIL MUIRON ;;;;;;
GEORGES LYON; GEORGES LYON ;;;;;;;
GILLESON; GILLESON ;;;;;;;
GUY DE DAMPIERRE; GUY DE DAMPIERRE ; GUY DAMPIERRE ; GUY SAMPIERRE ;;;;;
JACQUARD; JACQUARD ;;;;;;;
JACQUES FEBVRIER; JACQUES FEBVRIER ;;;;;;;
JACQUES LOUCHART; JACQUES LOUCHART ;;;;;;;
JEAN DAURAT; JEAN DAURAT ;;;;;;;
JEANNE D ARC; JEANNE D ARC ;;;;;;;
JOSEPH HENTGES; JOSEPH HENTGES ;;;;;;;
KARL MARX; KARL MARX ;;;;;;;
LEON BLUM; LEON BLUM ;;;;;;;
LEROUX DE FAUQUEMONT; LEROUX DE FAUQUEMONT ;;;;;;;
LOUISE DE BETTIGNIES; LOUISE DE BETTIGNIES ;;;;;;;
MADELEINE CAULIER; MADELEINE CAULIER ;;;;;;;
MAURICE SCHUMANN; MAURICE SCHUMANN ;;;;;;;
MICHELET; MICHELET ;;;;;;;
PAUL DOMBROWSKI; PAUL DOMBROWSKI ; DOMBROWSKI ;;;;;;
PHILIPPE DE GIRARD; PHILIPPE DE GIRARD ;;;;;;;
PHILIPPE LEBON; PHILIPPE LEBON ;;;;;;;
PIERRE BEREGOVOY; PIERRE BEREGOVOY ; BEREGOVOY ;;;;;;
PIERRE MENDES FRANCE; PIERRE MENDES FRANCE ;;;;;;;
RICHEBE; RICHEBE ;;;;;;;
RIHOUR; RIHOUR ;;;;;;;
ROGER SALENGRO; ROGER SALENGRO ;;;;;;;
ROSETTE DEMEY; ROSETTE DEMEY ; ROSETTE DE MEY ;;;;;;
SAINT ANDRE; SAINT ANDRE ;;;;;;;
SAINT HUBERT; SAINT HUBERT ;;;;;;;
SEBASTOPOL; SEBASTOPOL ;;;;;;;
SIMON VOLLANT; SIMON VOLLANT ;;;;;;;
VANHOENACKER; VANHOENACKER ;;;;;;;
DE FIVES; DE FIVES ;;;;;;;
DE FLANDRES; DE FLANDRES ;;;;;;;
DE L OEUST; DE L OEUST ;;;;;;;
DES CHEVILLARDS; DES CHEVILLARDS ; DES CHEVILLARS ;;;;;;
DU WAULT; DU WAULT ;;;;;;;
GERY LEGRAND; GERY LEGRAND ;;;;;;;
ANDRE GIDE; ANDRE GIDE ;;;;;;;
BRETEUIL; BRETEUIL ;;;;;;;
CITEAUX; CITEAUX ;;;;;;;
DAMPIERRE; DAMPIERRE ;;;;;;;
DES ANDELYS; DES ANDELYS ;;;;;;;
DES LAURIERS; DES LAURIERS ;;;;;;;
DU BEAU-BOUQUET; DU BEAU-BOUQUET ;;;;;;;
LA CLE DES CHAMPS; LA CLE DES CHAMPS ;;;;;;;
MAGENTA; MAGENTA ;;;;;;;
A FIENS; A FIENS ;;;;;;;
ABELARD; ABELARD ;;;;;;;
ADELE DURIEZ; ADELE DURIEZ ;;;;;;;
ADOLPHE; ADOLPHE ;;;;;;;
ADOLPHE CASSE; ADOLPHE CASSE ;;;;;;;
ADOLPHE DEFRENNE; ADOLPHE DEFRENNE ;;;;;;;
ALAIN DE LILLE; ALAIN DE LILLE ;;;;;;;
ALBERIC MASCRET; ALBERIC MASCRET ;;;;;;;
ALBERT CAMUS; ALBERT CAMUS ;;;;;;;
ALBERT DEBERDT; ALBERT DEBERDT ;;;;;;;
ALBERT EINSTEIN; ALBERT EINSTEIN ;;;;;;;
ALBERT MUYLAERT; ALBERT MUYLAERT ;;;;;;;
ALBERT SAMAIN; ALBERT SAMAIN ;;;;;;;
ALBERT THOMAS; ALBERT THOMAS ;;;;;;;
ALEXANDRA DAVID-NEEL; ALEXANDRA DAVID-NEEL ; ALEXANDRA DAVID NEEL ; ALEXANDRE DAVID NEEL ; ALEXANDRA DAVIL NEEL ;;;;
ALEXANDRE DESROUSSEAUX; ALEXANDRE DESROUSSEAUX ; ALEXANDRE DEROUSSEAUX ; ALEXANDER DESROUSSEAUX ;;;;;
ALEXANDRE LELEUX; ALEXANDRE LELEUX ;;;;;;;
ALEXANDRE RIBOT; ALEXANDRE RIBOT ;;;;;;;
ALFRED DE MUSSET; ALFRED DE MUSSET ;;;;;;;
ALFRED DELATTRE; ALFRED DELATTRE ;;;;;;;
ALFRED ISAAC; ALFRED ISAAC ;;;;;;;
ALFRED NAQUET; ALFRED NAQUET ;;;;;;;
ALLARD-DUGAUQUIER; ALLARD-DUGAUQUIER ; ALLARD DUGAUQUIER ;;;;;;
ALPHONSE LEROY; ALPHONSE LEROY ;;;;;;;
ALPHONSE MERCIER; ALPHONSE MERCIER ;;;;;;;
AMBROISE PARE; AMBROISE PARE ;;;;;;;
AMBROISE THOMAS; AMBROISE THOMAS ;;;;;;;
ANATOLE DE LA FORGE; ANATOLE DE LA FORGE ;;;;;;;
ANATOLE FRANCE; ANATOLE FRANCE ;;;;;;;
ANDRE AMPERE; ANDRE AMPERE ;;;;;;;
ANDRE CHENIER; ANDRE CHENIER ;;;;;;;
ANDRE GIDE; ANDRE GIDE ;;;;;;;
ANDRE THOOR; ANDRE THOOR ;;;;;;;
ANDRE WALLAERT; ANDRE WALLAERT ;;;;;;;
ANNE DELAVAUX; ANNE DELAVAUX ;;;;;;;
ANTOINE-JOSEPH LERNOULD; ANTOINE-JOSEPH LERNOULD ;;;;;;;
ARAGO; ARAGO ;;;;;;;
ARISTIDE BRIAND; ARISTIDE BRIAND ; ARISTIBE BRIAND ;;;;;;
ARISTOTE; ARISTOTE ;;;;;;;
ARMAND BARBES; ARMAND BARBES ;;;;;;;
ARMAND CARREL; ARMAND CARREL ;;;;;;;
ARNOULD DE VUEZ; ARNOULD DE VUEZ ;;;;;;;
ASSIA DJEBAR; ASSIA DJEBAR ;;;;;;;
AU PETERINCK; AU PETERINCK ;;;;;;;
AUBER; AUBER ;;;;;;;
AUGEREAU; AUGEREAU ;;;;;;;
AUGUSTE ANGELLIER; AUGUSTE ANGELLIER ;;;;;;;
AUGUSTE BONTE; AUGUSTE BONTE ;;;;;;;
AUGUSTE COMTE; AUGUSTE COMTE ; AUGUSTE CONTE ;;;;;;
AUGUSTE LAMY; AUGUSTE LAMY ;;;;;;;
AUGUSTE MOURCOU; AUGUSTE MOURCOU ;;;;;;;
AUGUSTE RENOIR; AUGUSTE RENOIR ; AUGSUTE RENOIR ; RENOIR ;;;;;
AUGUSTIN DRAPIEZ; AUGUSTIN DRAPIEZ ;;;;;;;
BABEUF; BABEUF ;;;;;;;
BACON; BACON ;;;;;;;
BAGGIO; BAGGIO ;;;;;;;
BALZAC; BALZAC ;;;;;;;
BAPTISTE MONNOYER; BAPTISTE MONNOYER ;;;;;;;
BARBEROUSSE; BARBEROUSSE ;;;;;;;
BARNI; BARNI ;;;;;;;
BARRABY; BARRABY ;;;;;;;
BARTHELEMY DELESPAUL; BARTHELEMY DELESPAUL ;;;;;;;
BARTHOLOME MASUREL; BARTHOLOME MASUREL ;;;;;;;
BASSE; BASSE ;;;;;;;
BASSELART; BASSELART ;;;;;;;
BAUDELAIRE; BAUDELAIRE ;;;;;;;
BAUDIN; BAUDIN ;;;;;;;
BAYARD; BAYARD ;;;;;;;
BEAUCOURT-DECOURCHELLES; BEAUCOURT-DECOURCHELLES ; BEAUCOURT DECOURCHELLES ;;;;;;
BEAUMARCHAIS; BEAUMARCHAIS ;;;;;;;
BECKER; BECKER ;;;;;;;
BENVIGNAT; BENVIGNAT ;;;;;;;
BERANGER; BERANGER ;;;;;;;
BERLIOZ; BERLIOZ ; BRELIOZ ;;;;;;
BERNARD PALISSY; BERNARD PALISSY ;;;;;;;
BERNOS; BERNOS ;;;;;;;
BERTHE MORISOT; BERTHE MORISOT ;;;;;;;
BERTHELOT; BERTHELOT ;;;;;;;
BERTHOLET; BERTHOLET ;;;;;;;
BERTHOLLET; BERTHOLLET ;;;;;;;
BICHAT; BICHAT ;;;;;;;
BIR HAKEIM; BIR HAKEIM ;;;;;;;
BLAISE PASCAL; BLAISE PASCAL ;;;;;;;
BLANCHE; BLANCHE ;;;;;;;
BLANQUI; BLANQUI ;;;;;;;
BLERIOT; BLERIOT ;;;;;;;
BOBILLOT; BOBILLOT ;;;;;;;
BOCQUILLON; BOCQUILLON ;;;;;;;
BOHIN; BOHIN ;;;;;;;
BOILEAU; BOILEAU ;;;;;;;
BOILEUX; BOILEUX ;;;;;;;
BOISSY D ANGLAS; BOISSY D ANGLAS ;;;;;;;
BOLDODUC; BOLDODUC ;;;;;;;
BONTE POLLET; BONTE POLLET ;;;;;;;
BOSQUET; BOSQUET ;;;;;;;
BOSSUET; BOSSUET ;;;;;;;
BOUCHER DE PERTHES; BOUCHER DE PERTHES ; BOUCHER DU PERTHES ;;;;;;
BOUGUEREAU; BOUGUEREAU ;;;;;;;
BOURIGNON; BOURIGNON ;;;;;;;
BOURJEMBOIS; BOURJEMBOIS ;;;;;;;
BRANLY; BRANLY ;;;;;;;
BRASSEUR; BRASSEUR ;;;;;;;
BROCA; BROCA ;;;;;;;
BRUANT DES ROSEAUX; BRUANT DES ROSEAUX ; BRUANT DE ROSEAUX ;;;;;;
BRULE-MAISON; BRULE-MAISON ; BRULE MAISON ; BRULEMAISON ;;;;;
BUFFON; BUFFON ;;;;;;;
CABANIS; CABANIS ; CABARIS ;;;;;;
CALVIN; CALVIN ;;;;;;;
CAMILLE CLAUDEL; CAMILLE CLAUDEL ;;;;;;;
CAMILLE DESMOULINS; CAMILLE DESMOULINS ;;;;;;;
CAMILLE GUERIN; CAMILLE GUERIN ;;;;;;;
CARPEAUX; CARPEAUX ;;;;;;;
CASIMIR DELAVIGNE; CASIMIR DELAVIGNE ;;;;;;;
CASSINI; CASSINI ;;;;;;;
CASTEL; CASTEL ;;;;;;;
CATEL BEGHIN; CATEL BEGHIN ;;;;;;;
CAUCHY; CAUCHY ;;;;;;;
CAUMARTIN; CAUMARTIN ; CAURMATIN ;;;;;;
CAVENTOU; CAVENTOU ;;;;;;;
CERVANTES; CERVANTES ;;;;;;;
CESAR FRANCK; CESAR FRANCK ;;;;;;;
CHAMBAUDUIT; CHAMBAUDUIT ;;;;;;;
CHAMPIONNET; CHAMPIONNET ;;;;;;;
CHAMPOLLION; CHAMPOLLION ;;;;;;;
CHANZY; CHANZY ;;;;;;;
CHAPLIN; CHAPLIN ;;;;;;;
CHAPPE; CHAPPE ;;;;;;;
CHARLES DE FOUCAULD; CHARLES DE FOUCAULD ; CHARLES DE FOUCAULT ;;;;;;
CHARLES DE MUYSSART; CHARLES DE MUYSSART ; CHARLES MUYSSART ; CHARLES DE MUYSSAERT ; MUYSSART ;;;;
CHARLES DEBIERRE; CHARLES DEBIERRE ;;;;;;;
CHARLES FOURIER; CHARLES FOURIER ;;;;;;;
CHARLES GIDE; CHARLES GIDE ;;;;;;;
CHARLES MANSO; CHARLES MANSO ;;;;;;;
CHARLES PEGUY; CHARLES PEGUY ; CHARLES PEGGY ;;;;;;
CHARLES PRANARD; CHARLES PRANARD ;;;;;;;
CHARLES QUINT; CHARLES QUINT ;;;;;;;
CHARLES SAINT-VENANT; CHARLES SAINT-VENANT ; CHARLES SAINT VENANT ;;;;;;
CHATEAUBRIAND; CHATEAUBRIAND ;;;;;;;
CHEVREUL; CHEVREUL ; CHEVROL ;;;;;;
CHRETIEN; CHRETIEN ;;;;;;;
CHRISTOPHE COLOMB; CHRISTOPHE COLOMB ;;;;;;;
CLAUDE BERNARD; CLAUDE BERNARD ;;;;;;;
CLAUDE DEBUSSY; CLAUDE DEBUSSY ;;;;;;;
CLAUDE LORRAIN; CLAUDE LORRAIN ;;;;;;;
CLEMENT MAROT; CLEMENT MAROT ;;;;;;;
CLOVIS HUGUES; CLOVIS HUGUES ;;;;;;;
COLBERT; COLBERT ;;;;;;;
COLBRANT; COLBRANT ;;;;;;;
COLETTE; COLETTE ;;;;;;;
COLI; COLI ;;;;;;;
COLSON; COLSON ;;;;;;;
CONDORCET; CONDORCET ;;;;;;;
COPERNIC; COPERNIC ;;;;;;;
COQUEREZ; COQUEREZ ;;;;;;;
CORBET; CORBET ;;;;;;;
CORNEILLE; CORNEILLE ;;;;;;;
COURMONT; COURMONT ;;;;;;;
COURTOIS; COURTOIS ;;;;;;;
COUSTOU; COUSTOU ;;;;;;;
CRESPEL TILLOY; CRESPEL TILLOY ;;;;;;;
DAGUERRE; DAGUERRE ;;;;;;;
D AGUESSEAU; D AGUESSEAU ;;;;;;;
D ALEMBERT; D ALEMBERT ;;;;;;;
D ALGER; D ALGER ;;;;;;;
D AMIENS; D AMIENS ;;;;;;;
D ANGLETERRE; D ANGLETERRE ;;;;;;;
DANIEL MAYER; DANIEL MAYER ;;;;;;;
D ANTIN; D ANTIN ;;;;;;;
DANTON; DANTON ;;;;;;;
D ANVERS; D ANVERS ;;;;;;;
D ARCOLE; D ARCOLE ;;;;;;;
D ARMENTIERES; D ARMENTIERES ;;;;;;;
D ARRAS; D ARRAS ;;;;;;;
D ARSONVAL; D ARSONVAL ;;;;;;;
D ARTAGNAN; D ARTAGNAN ;;;;;;;
D ARTOIS; D ARTOIS ;;;;;;;
D ATH; D ATH ;;;;;;;
D ATHENES; D ATHENES ;;;;;;;
DAUMIER; DAUMIER ;;;;;;;
D AUSTERLITZ; D AUSTERLITZ ;;;;;;;
D AVESNES; D AVESNES ;;;;;;;
DAVID D ANGERS; DAVID D ANGERS ;;;;;;;
DAVY; DAVY ;;;;;;;
DE BAILLEUL; DE BAILLEUL ; BAILLEUL ;;;;;;
DE BAPAUME; DE BAPAUME ; DE BAUPAUME ;;;;;;
DE BAVAY; DE BAVAY ;;;;;;;
DE BELLE-VUE; DE BELLE-VUE ; DE BELLE VUE ; DE BELLEVUE ; BELLEVUE ; BELLE VUE ;;;
DE BERGUES; DE BERGUES ;;;;;;;
DE BETHUNE; DE BETHUNE ;;;;;;;
DE BONE; DE BONE ;;;;;;;
DE BOULOGNE; DE BOULOGNE ; DE BOLOGNE ;;;;;;
DE BOURGOGNE; DE BOURGOGNE ;;;;;;;
DE BOUVINES; DE BOUVINES ; DE BOVINES ;;;;;;
DE BRIGODE; DE BRIGODE ;;;;;;;
DE BRUXELLES; DE BRUXELLES ;;;;;;;
DE CALAIS; DE CALAIS ;;;;;;;
DE CAMBRAI; DE CAMBRAI ; CAMBRAI ;;;;;;
DE CANNES; DE CANNES ; DE CANNE ;;;;;;
DE CANTELEU; DE CANTELEU ; DE CANTELEAU ; DU CANTELEU ; CANTELEU ;;;;
DE CASSEL; DE CASSEL ;;;;;;;
DE CASTIGLIONE; DE CASTIGLIONE ;;;;;;;
DE CHATEAUDUN; DE CHATEAUDUN ;;;;;;;
DE COLMAR; DE COLMAR ;;;;;;;
DE CONDE; DE CONDE ; CONDE ;;;;;;
DE CONSTANTINE; DE CONSTANTINE ;;;;;;;
DE COULMIERS; DE COULMIERS ; DES COULMIERS ; COULMIER ;;;;;
DE COURTRAI; DE COURTRAI ;;;;;;;
DE CRIMEE; DE CRIMEE ;;;;;;;
DE CRONSTADT; DE CRONSTADT ; DU CRONSTADT ; CRONSTADT ;;;;;
DE DENAIN; DE DENAIN ;;;;;;;
DE DIEPPE; DE DIEPPE ;;;;;;;
DE DOUAI; DE DOUAI ;;;;;;;
DE FILBERTVILLE; DE FILBERTVILLE ; FILBERTVILLE ; FILBERTVILLE ;;;;;
DE FINLANDE; DE FINLANDE ;;;;;;;
DE FLANDRE; DE FLANDRE ;;;;;;;
DE FLERS; DE FLERS ;;;;;;;
DE FLEURUS; DE FLEURUS ;;;;;;;
DE FONTENOY; DE FONTENOY ; FONTENOY ; FONTENAY ; DEFONTENOY ;;;;
DE FRIEDLAND; DE FRIEDLAND ;;;;;;;
DE GAND; DE GAND ;;;;;;;
DE GEYTER; DE GEYTER ; PIERRE DE GEYTER ; PIERRE DEGEYTER ;;;;;
DE JEMMAPES; DE JEMMAPES ; JEMMAPES ;;;;;;
DE LA BAIGNERIE; DE LA BAIGNERIE ;;;;;;;
DE LA BALTIQUE; DE LA BALTIQUE ;;;;;;;
DE LA BARRE; DE LA BARRE ;;;;;;;
DE LA BASCULE; DE LA BASCULE ;;;;;;;
DE LA BASSEE; DE LA BASSEE ;;;;;;;
DE LA BOURSE; DE LA BOURSE ;;;;;;;
DE LA BRIQUETERIE; DE LA BRIQUETERIE ; DE LA BRIQUETTERIE ;;;;;;
DE LA BRUYERE; DE LA BRUYERE ;;;;;;;
DE LA CASERNE SAINT-RUTH; DE LA CASERNE SAINT-RUTH ;;;;;;;
DE LA CENSE AU BLE; DE LA CENSE AU BLE ; DE LA CENSE AUX BLES ; CENSE AU BLES ; CENSE AU BLE ;;;;
DE LA CHAMBRE DES COMPTES; DE LA CHAMBRE DES COMPTES ;;;;;;;
DE LA CHAUDE RIVIERE; DE LA CHAUDE RIVIERE ;;;;;;;
DE LA CITE; DE LA CITE ;;;;;;;
DE LA CLEF; DE LA CLEF ;;;;;;;
DE LA COLLEGIALE; DE LA COLLEGIALE ;;;;;;;
DE LA CONCORDE; DE LA CONCORDE ;;;;;;;
DE LA CONVENTION; DE LA CONVENTION ;;;;;;;
DE LA DIGUE; DE LA DIGUE ;;;;;;;
DE LA DREVE; DE LA DREVE ;;;;;;;
DE LA FILATURE; DE LA FILATURE ;;;;;;;
DE LA FRATERNITE; DE LA FRATERNITE ;;;;;;;
DE LA GAIETE; DE LA GAIETE ; DE LA GAITE ;;;;;;
DE LA GARE; DE LA GARE ;;;;;;;
DE LA GARONNE; DE LA GARONNE ; DE GARONNE ;;;;;;
DE LA GENDARMERIE; DE LA GENDARMERIE ;;;;;;;
DE LA GLACIERE; DE LA GLACIERE ;;;;;;;
DE LA GRANDE BRASSERIE; DE LA GRANDE BRASSERIE ;;;;;;;
DE LA GUINGUETTE; DE LA GUINGUETTE ;;;;;;;
DE LA HALLE; DE LA HALLE ; DE LA HALE ;;;;;;
DE LA HALLOTERIE; DE LA HALLOTERIE ;;;;;;;
DE LA JUSTICE; DE LA JUSTICE ;;;;;;;
DE LA LIBERTE; DE LA LIBERTE ;;;;;;;
DE LA LITTORELLE; DE LA LITTORELLE ;;;;;;;
DE LA LOIRE; DE LA LOIRE ;;;;;;;
DE LA LOUVIERE; DE LA LOUVIERE ; DE LA LOUVIIERE ;;;;;;
DE LA MADELEINE; DE LA MADELEINE ;;;;;;;
DE LA MARBRERIE; DE LA MARBRERIE ;;;;;;;
DE LA MARMORA; DE LA MARMORA ; LA MARMORA ;;;;;;
DE LA MITTERIE; DE LA MITTERIE ;;;;;;;
DE LA MONNAIE; DE LA MONNAIE ;;;;;;;
DE LA PAIX DU 8 MAI 1945; DE LA PAIX DU 8 MAI 1945 ;;;;;;;
DE LA PAIX D UTRECHT; DE LA PAIX D UTRECHT ;;;;;;;
DE LA PHALECQUE; DE LA PHALECQUE ;;;;;;;
DE LA PIQUERIE; DE LA PIQUERIE ;;;;;;;
DE LA PLAINE; DE LA PLAINE ;;;;;;;
DE LA PLEIADE; DE LA PLEIADE ;;;;;;;
DE LA PORTE D YPRES; DE LA PORTE D YPRES ;;;;;;;
DE LA PREVOYANCE; DE LA PREVOYANCE ;;;;;;;
DE LA QUENETTE; DE LA QUENETTE ;;;;;;;
DE LA RAPINE; DE LA RAPINE ;;;;;;;
DE LA RENAISSANCE; DE LA RENAISSANCE ;;;;;;;
DE LA RESISTANCE; DE LA RESISTANCE ;;;;;;;
DE LA RIVIERETTE; DE LA RIVIERETTE ;;;;;;;
DE LA ROSELIERE; DE LA ROSELIERE ;;;;;;;
DE LA SEINE; DE LA SEINE ;;;;;;;
DE LA TRANQUILLITE; DE LA TRANQUILLITE ; DE LA TRANQUILITE ;;;;;;
DE LA VIEILLE AVENTURE; DE LA VIEILLE AVENTURE ;;;;;;;
DE LA VIEILLE COMEDIE; DE LA VIEILLE COMEDIE ;;;;;;;
DE LA VIGNETTE; DE LA VIGNETTE ;;;;;;;
DE LA VILLE DE NAUMBURG; DE LA VILLE DE NAUMBURG ; DE LA VILLE DE NAUMBORG ;;;;;;
DE LA VINAIGRERIE; DE LA VINAIGRERIE ;;;;;;;
DE L ABBE AERTS; DE L ABBE AERTS ; DE L ABBE AERT ;;;;;;
DE L ABBE BONPAIN; DE L ABBE BONPAIN ;;;;;;;
DE L ABBE COUSIN; DE L ABBE COUSIN ;;;;;;;
DE L ABBE SIX; DE L ABBE SIX ;;;;;;;
DE L ALCAZAR; DE L ALCAZAR ; D ALCAZAR ;;;;;;
DE L ALMA; DE L ALMA ;;;;;;;
DE L AMIDONNERIE; DE L AMIDONNERIE ;;;;;;;
DE L AMIRAL COURBET; DE L AMIRAL COURBET ;;;;;;;
DE L ANCIENNE BALATERIE; DE L ANCIENNE BALATERIE ;;;;;;;
DE L ANCOLIE; DE L ANCOLIE ;;;;;;;
DE LANNOY; DE LANNOY ; DE LA LANNOY ; LANNOY ; DE LANOY ;;;;
DE L ARBRISSEAU; DE L ARBRISSEAU ; ARBRISSEAU ;;;;;;
DE L ARC; DE L ARC ;;;;;;;
DE L ASIE; DE L ASIE ; D'ASIE ;;;;;;
DE LAVENTIE; DE LAVENTIE ;;;;;;;
DE L ECOLE; DE L ECOLE ;;;;;;;
DE L ECOLE-SAINT-LOUIS; DE L ECOLE-SAINT-LOUIS ; ECOLE SAINTLOUIS; ECOLE SAINT-LOUIS ;ECOLE SAINT LOUIS; DE L ECOLE SAINT LOUIS ;;;
DE L EGALITE; DE L EGALITE ;;;;;;;
DE L EGLISE; DE L EGLISE ;;;;;;;
DE L EGLISE-SAINT-LOUIS; DE L EGLISE-SAINT-LOUIS ;;;;;;;
DE LENS; DE LENS ;;;;;;;
DE L ENTREPOT; DE L ENTREPOT ;;;;;;;
DE L EPI DE SOIL; DE L EPI DE SOIL ; DE L EPI SOIL;;;;;;
DE L EPINETTE; DE L EPINETTE ;;;;;;;
DE L ESPERANCE; DE L ESPERANCE ; DE L ESPERENCE ;;;;;;
DE L EUROPE; DE L EUROPE ;;;;;;;
DE L HOPITAL MILITAIRE; DE L HOPITAL MILITAIRE ;;;;;;;
DE L HOPITAL SAINT ROCH; DE L HOPITAL SAINT ROCH ; DE L HOPITAL ST ROCH ; DE L HOPITAL SAINT-ROCH ; DE L HOPITAL ST-ROCH ; DE L HOPITAL SAINTROCH ; HOPITAL SAINT ROCH ;;
DE L HOTEL DE VILLE; DE L HOTEL DE VILLE ;;;;;;;
DE L INNOVATION; DE L INNOVATION ;;;;;;;
DE LOMPRET; DE LOMPRET ;;;;;;;
DE LONDRES; DE LONDRES ;;;;;;;
DE LONGUEIL; DE LONGUEIL ;;;;;;;
DE LOOS; DE LOOS ;;;;;;;
DE L ORPHELINAT; DE L ORPHELINAT ;;;;;;;
DE LUXEMBOURG; DE LUXEMBOURG ;;;;;;;
DE LYON; DE LYON ;;;;;;;
DE MADAGASCAR; DE MADAGASCAR ; DE MADACASCAR ;;;;;;
DE MADRINGHEM; DE MADRINGHEM ;;;;;;;
DE MARENGO; DE MARENGO ; MARENGO ;;;;;;
DE MARQUILLIES; DE MARQUILLIES ; DES MARQUILLIES ;;;;;;
DE MARSEILLE; DE MARSEILLE ; MARSEILLE ;;;;;;
DE MAUBEUGE; DE MAUBEUGE ;;;;;;;
DE MULHOUSE; DE MULHOUSE ;;;;;;;
DE NANTES; DE NANTES ;;;;;;;
DE NICE; DE NICE ;;;;;;;
DE NORVEGE; DE NORVEGE ;;;;;;;
DE PAS; DE PAS ;;;;;;;
DE PERENCHIES; DE PERENCHIES ;;;;;;;
DE PHILADELPHIE; DE PHILADELPHIE ; PHILADELPHIE ; DE PHILADELEPHIE ;;;;;
DE POLOGNE; DE POLOGNE ;;;;;;;
DE PONT NOYELLES; DE PONT NOYELLES ; DE PONT DE NOYELLES ; DU PONT DE NOYELLES ; DU PONT NOYELLES ; DU POINT DE NOYELLE ; PONT DE NOYELLE ;;
DE PRAGUE; DE PRAGUE ;;;;;;;
DE PUEBLA; DE PUEBLA ; DU PUEBLA ; PUEBLA ;;;;;
DE RIVOLI; DE RIVOLI ; RIVOLI ;;;;;;
DE ROCROY; DE ROCROY ;;;;;;;
DE ROUBAIX; DE ROUBAIX ;;;;;;;
DE ROUEN; DE ROUEN ;;;;;;;
DE SAFED; DE SAFED ;;;;;;;
DE SAINT AMAND; DE SAINT AMAND ;;;;;;;
DE SAINT OMER; DE SAINT OMER ;;;;;;;
DE SAINT-QUENTIN; DE SAINT-QUENTIN ; SAINTQUENTIN;;;;;;
DE SECLIN; DE SECLIN ;;;;;;;
DE SOLFERINO; DE SOLFERINO ; SOLFA©RINO ; SOLFERINO ; SOLERINO ;;;;
DE STOCKHOLM; DE STOCKHOLM ;;;;;;;
DE SUEDE; DE SUEDE ;;;;;;;
DE TENREMONDE; DE TENREMONDE ; DE TENREONDE ; TENREMONDE ; TOURNEMONDE ;;;;
DE THIONVILLE; DE THIONVILLE ;;;;;;;
DE THUMESNIL; DE THUMESNIL ; THUMESNIL ;;;;;;
DE TOUL; DE TOUL ;;;;;;;
DE TOURNAI; DE TOURNAI ;;;;;;;
DE TOURVILLE; DE TOURVILLE ; TOURVILLE ;;;;;;
DE TREVISE; DE TREVISE ;;;;;;;
DE TURENNE; DE TURENNE ; TURENNES ;;;;;;
DE VALENCIENNES; DE VALENCIENNES ;;;;;;;
DE VALMY; DE VALMY ;;;;;;;
DE VERDUN; DE VERDUN ;;;;;;;
DE WAGRAM; DE WAGRAM ; WAGRAM ;;;;;;
DE WATTIGNIES; DE WATTIGNIES ;;;;;;;
DE WAZEMMES; DE WAZEMMES ; DE WAZEMES ;;;;;;
DE WEPPES; DE WEPPES ;;;;;;;
DECARNIN; DECARNIN ;;;;;;;
DEGLAND; DEGLAND ;;;;;;;
DELANNOY; DELANNOY ;;;;;;;
DELCROIX; DELCROIX ;;;;;;;
DELEMAZURE; DELEMAZURE ;;;;;;;
DELEPLANQUE; DELEPLANQUE ;;;;;;;
DELEZENNE; DELEZENNE ;;;;;;;
DELPHIN PETIT; DELPHIN PETIT ;;;;;;;
DELVAU; DELVAU ;;;;;;;
D EMMERIN; D EMMERIN ;;;;;;;
DENFERT ROCHEREAU; DENFERT ROCHEREAU ; DENFERT ROCHEREN ;;;;;;
DENIS CORDONNIER; DENIS CORDONNIER ;;;;;;;
DENIS DIDEROT; DENIS DIDEROT ;;;;;;;
DENIS DU PEAGE; DENIS DU PEAGE ;;;;;;;
DENIS GODEFROY; DENIS GODEFROY ;;;;;;;
D ENNETIERES; D ENNETIERES ;;;;;;;
DES ADONIDES; DES ADONIDES ; ADONIDES ;;;;;;
DES ARCHERS; DES ARCHERS ;;;;;;;
DES ARCHIVES; DES ARCHIVES ;;;;;;;
DES ARTS; DES ARTS ;;;;;;;
DES AUGUSTINS; DES AUGUSTINS ;;;;;;;
DES BATELIERS; DES BATELIERS ;;;;;;;
DES BLANCHISSEURS; DES BLANCHISSEURS ;;;;;;;
DES BOIS BLANCS; DES BOIS BLANCS ; DES BOIS-BLANCS ; DES BOIS BLANC ;;;;;
DES BONNES RAPPES; DES BONNES RAPPES ;;;;;;;
DES BONS ENFANTS; DES BONS ENFANTS ;;;;;;;
DES BOUCHERS; DES BOUCHERS ;;;;;;;
DES BOULEAUX; DES BOULEAUX ;;;;;;;
DES BRIGITTINES; DES BRIGITTINES ;;;;;;;
DES BUISSES; DES BUISSES ;;;;;;;
DES CANONNIERS; DES CANONNIERS ; DES CANNONIERS ;;;;;;
DES CATICHES; DES CATICHES ; DES COUTICHES ; CATICHES ;;;;;
DES CELESTINES; DES CELESTINES ;;;;;;;
DES CHATS BOSSUS; DES CHATS BOSSUS ;;;;;;;
DES CHAUDRONNIERS; DES CHAUDRONNIERS ;;;;;;;
DES CLEMATITES; DES CLEMATITES ;;;;;;;
DES COQUELICOTS; DES COQUELICOTS ;;;;;;;
DES DEBRIS-SAINT-ETIENNE; DES DEBRIS-SAINT-ETIENNE ;;;;;;;
DES DEPORTES; DES DEPORTES ;;;;;;;
DES DEUX EPEES; DES DEUX EPEES ; DES 2 EPEES ;;;;;;
DES DONDAINES; DES DONDAINES ;;;;;;;
DES DORADILLES; DES DORADILLES ;;;;;;;
DES EAUX; DES EAUX ;;;;;;;
DES ECOLES; DES ECOLES ;;;;;;;
DES FORGERONS; DES FORGERONS ;;;;;;;
DES FORTIFICATIONS; DES FORTIFICATIONS ; DES FOERTIFICATIONS ;;;;;;
DES FOSSES; DES FOSSES ;;;;;;;
DES FOUGERES; DES FOUGERES ;;;;;;;
DES FRERES LUMIERE; DES FRERES LUMIERE ; DES FRERES LUMIERES ;;;;;;
DES FRERES VAILLANT; DES FRERES VAILLANT ;;;;;;;
DES FUSILLES; DES FUSILLES ;;;;;;;
DES GENÃŠTS; DES GENÃŠTS ;;;;;;;
DES GIRONDINS; DES GIRONDINS ;;;;;;;
DES GLYCINES; DES GLYCINES ;;;;;;;
DES GRIMARETS; DES GRIMARETS ;;;;;;;
DES HANNETONS; DES HANNETONS ;;;;;;;
DES HAUTES VOIES; DES HAUTES VOIES ;;;;;;;
DES HORTENSIAS; DES HORTENSIAS ;;;;;;;
DES IRIS; DES IRIS ;;;;;;;
DES JARDINS CAULIER; DES JARDINS CAULIER ;;;;;;;
DES JASMINS; DES JASMINS ;;;;;;;
DES LYS; DES LYS ;;;;;;;
DES MANNELIERS; DES MANNELIERS ;;;;;;;
DES MARTYRS DE LA RESISTANCE; DES MARTYRS DE LA RESISTANCE ;;;;;;;
DES MESANGES; DES MESANGES ;;;;;;;
DES METIERS; DES METIERS ;;;;;;;
DES MEUNIERS; DES MEUNIERS ;;;;;;;
DES MODELEURS; DES MODELEURS ;;;;;;;
DES MOLFONDS; DES MOLFONDS ;;;;;;;
DES MONTAGNARDS; DES MONTAGNARDS ;;;;;;;
DES MOULINS DE GARANCE; DES MOULINS DE GARANCE ;;;;;;;
DES MUGUETS; DES MUGUETS ;;;;;;;
DES MYOSOTIS; DES MYOSOTIS ;;;;;;;
DES NOIRS; DES NOIRS ;;;;;;;
DES OEILLETS; DES OEILLETS ;;;;;;;
DES PANNERESSES; DES PANNERESSES ; PENNERESSES ; PANNERESSES ;;;;;
DES PAVILLONS; DES PAVILLONS ;;;;;;;
DES PENITENTES; DES PENITENTES ;;;;;;;
DES PENSEES; DES PENSEES ;;;;;;;
DES PIVOINES; DES PIVOINES ;;;;;;;
DES PLOVINES; DES PLOVINES ;;;;;;;
DES POISSONCEAUX; DES POISSONCEAUX ;;;;;;;
DES PONTS DE COMINES; DES PONTS DE COMINES ; DE COMINES ; DE COMINE ;;;;;
DES POSTES; DES POSTES ;;;;;;;
DES PRIMEURS; DES PRIMEURS ;;;;;;;
DES PYRAMIDES; DES PYRAMIDES ;;;;;;;
DES ROGATIONS; DES ROGATIONS ;;;;;;;
DES ROSES; DES ROSES ;;;;;;;
DES SARRAZINS; DES SARRAZINS ;;;;;;;
DES SECOURISTES; DES SECOURISTES ;;;;;;;
DES SEPT AGACHES; DES SEPT AGACHES ;;;;;;;
DES STATIONS; DES STATIONS ;;;;;;;
DES TANNEURS; DES TANNEURS ;;;;;;;
DES TEINTURIERS; DES TEINTURIERS ;;;;;;;
DES TEMPLIERS; DES TEMPLIERS ;;;;;;;
DES TISSERANDS; DES TISSERANDS ;;;;;;;
DES TOURS; DES TOURS ;;;;;;;
DES TRAVAILLEURS; DES TRAVAILLEURS ;;;;;;;
DES TROIS COURONNES; DES TROIS COURONNES ;;;;;;;
DES TROIS MOLLETTES; DES TROIS MOLLETTES ; DES 3 MOLLETTES ; DES 3 MOLETTES ;;;;;
DES TULIPIERS; DES TULIPIERS ;;;;;;;
DES URBANISTES; DES URBANISTES ;;;;;;;
DES VICAIRES; DES VICAIRES ;;;;;;;
DES VIEUX MURS; DES VIEUX MURS ;;;;;;;
DES VILLAS; DES VILLAS ;;;;;;;
DESAIX; DESAIX ;;;;;;;
DESAUGIERS; DESAUGIERS ;;;;;;;
DESCARTES; DESCARTES ;;;;;;;
DESCHODT; DESCHODT ;;;;;;;
DESIRE BONDUES; DESIRE BONDUES ;;;;;;;
DESIRE THERBY; DESIRE THERBY ;;;;;;;
DESIRE VERHAEGHE; DESIRE VERHAEGHE ; DESIRE VERHAEGUE ; DESIREE VERHAEGHE ;;;;;
DESMAZIERES; DESMAZIERES ;;;;;;;
D ESQUERMES; D ESQUERMES ; D ESQUEREMES ;;;;;;
DESRUELLES; DESRUELLES ;;;;;;;
DESTAILLEURS; DESTAILLEURS ; DES TAILLEURS ;;;;;;
DESTOMBES; DESTOMBES ;;;;;;;
DETOURNEE; DETOURNEE ;;;;;;;
D EYLAU; D EYLAU ;;;;;;;
D HAUBOURDIN; D HAUBOURDIN ;;;;;;;
D HAZEBROUCK; D HAZEBROUCK ;;;;;;;
D HOLBACH; D HOLBACH ;;;;;;;
D HONDSCHOOTE; D HONDSCHOOTE ;;;;;;;
DIDEROT; DIDEROT ;;;;;;;
D IENA; D IENA ;;;;;;;
D INKERMANN; D INKERMANN ; INKERMANN ;  D INKERMAN ;;;;;
D ISLY; D ISLY ;;;;;;;
D ORAN; D ORAN ;;;;;;;
DORDIN; DORDIN ;;;;;;;
D OSTENDE; D OSTENDE ;;;;;;;
DOUDIN; DOUDIN ;;;;;;;
DRUELLE; DRUELLE ;;;;;;;
DU 11 NOVEMBRE; DU 11 NOVEMBRE ; DU ONZE NOVEMBRE ;;;;;;
DU 14 JUILLET; DU 14 JUILLET ; DU QUATORZE JUILLET ; DU 14 JUILLET 1789 ; DU QUATORZE JUILLET 1789 ;;;;
DU 8 MAI 1945; DU 8 MAI 1945 ;;;;;;;
DU BALLON; DU BALLON ;;;;;;;
DU BARBIER MAES; DU BARBIER MAES ;;;;;;;
DU BAS-JARDIN; DU BAS-JARDIN ; DU BAS JARDIN ;;;;;;
DU BAS-LIEVIN; DU BAS-LIEVIN ;;;;;;;
DU BASTION DU MEUNIER; DU BASTION DU MEUNIER ;;;;;;;
DU BASTION SAINT-ANDRE; DU BASTION SAINT-ANDRE ; DU BASTION SAINT ANDRE ; DU BASTION SAINTANDRE ;;;;;
DU BAZINGHIEN; DU BAZINGHIEN ;;;;;;;
DU BECQUEREL; DU BECQUEREL ; BECQUEREL ;;;;;;
DU BEGUINAGE; DU BEGUINAGE ;;;;;;;
DU BEL-AIR; DU BEL-AIR ; DU BEL AIR ; DE BEL AIR ;;;;;
DU BELLAY; DU BELLAY ;;;;;;;
DU BLEU-MOUTON; DU BLEU-MOUTON ;;;;;;;
DU BOIS; DU BOIS ;;;;;;;
DU BOIS D ANNAPPES; DU BOIS D ANNAPPES ;;;;;;;
DU BUISSON; DU BUISSON ;;;;;;;
DU CALVAIRE; DU CALVAIRE ;;;;;;;
DU CAPITAINE FERBER; DU CAPITAINE FERBER ; CAPITAINE FERBER ;;;;;;
DU CAPITAINE MICHEL; DU CAPITAINE MICHEL ;;;;;;;
DU CHATEAU; DU CHATEAU ; CHATEAU ;;;;;;
DU CHATEAU D ISENGHIEN; DU CHATEAU D ISENGHIEN ;;;;;;;
DU CHAUFOUR; DU CHAUFOUR ; DU CHAUFFOUR ;;;;;;
DU CHEMIN DE FER; DU CHEMIN DE FER ;;;;;;;
DU CHEMIN NOIR; DU CHEMIN NOIR ;;;;;;;
DU CHEMIN SAINT MARTIN; DU CHEMIN SAINT MARTIN ;;;;;;;
DU CHEMIN VERT; DU CHEMIN VERT ;;;;;;;
DU CHEVALIER DE LA BARRE; DU CHEVALIER DE LA BARRE ;;;;;;;
DU CHEVALIER DE L ESPINARD; DU CHEVALIER DE L ESPINARD ; DU CHEVALIER DE L'ESPINART ;;;;;;
DU CHEVALIER FRANCAIS; DU CHEVALIER FRANCAIS ;;;;;;;
DU CHEVALIER GUIGNETTE; DU CHEVALIER GUIGNETTE ; DU CHEVALIER GINGNETTE ; DU CHAVALIER GUIGNETTE ;;;;;
DU CIRQUE; DU CIRQUE ;;;;;;;
DU CLOS DU MOULIN; DU CLOS DU MOULIN ;;;;;;;
DU COEUR JOYEUX; DU COEUR JOYEUX ;;;;;;;
DU COLLEGE; DU COLLEGE ;;;;;;;
DU COMMANDANT BAYART; DU COMMANDANT BAYART ;;;;;;;
DU COMMERCE; DU COMMERCE ;;;;;;;
DU COURT DEBOUT; DU COURT DEBOUT ;;;;;;;
DU CROQUET; DU CROQUET ;;;;;;;
DU CURE SAINT ETIENNE; DU CURE SAINT ETIENNE ;;;;;;;
DU DIEU DE MARCQ; DU DIEU DE MARCQ ; DU DIEU DE MARC ;;;;;;
DU DOCTEUR CHARCOT; DU DOCTEUR CHARCOT ;;;;;;;
DU DOCTEUR HUART; DU DOCTEUR HUART ;;;;;;;
DU DOCTEUR JENNER; DU DOCTEUR JENNER ; JENNER ;;;;;;
DU DOCTEUR LEPAN; DU DOCTEUR LEPAN ;;;;;;;
DU DOCTEUR MENARD; DU DOCTEUR MENARD ;;;;;;;
DU DOCTEUR ROUX; DU DOCTEUR ROUX ;;;;;;;
DU DOCTEUR SCHWEITZER; DU DOCTEUR SCHWEITZER ;;;;;;;
DU DOCTEUR VERHAEGHE; DU DOCTEUR VERHAEGHE ;;;;;;;
DU DOCTEUR YERSIN; DU DOCTEUR YERSIN ; DOCTEUR YERSIN ;;;;;;
DU FAISAN; DU FAISAN ;;;;;;;
DU FAUBOURG D ARRAS; DU FAUBOURG D ARRAS ;;;;;;;
DU FAUBOURG DE BETHUNE; DU FAUBOURG DE BETHUNE ;;;;;;;
DU FAUBOURG DE DOUAI; DU FAUBOURG DE DOUAI ;;;;;;;
DU FAUBOURG DE ROUBAIX; DU FAUBOURG DE ROUBAIX ; DU FAUBOURG DU ROUBAIX ;;;;;;
DU FAUBOURG DES POSTES; DU FAUBOURG DES POSTES ;;;;;;;
DU FAUBOURG NOTRE DAME; DU FAUBOURG NOTRE DAME ;;;;;;;
DU FLAQUET; DU FLAQUET ;;;;;;;
DU FORT DEBOUT; DU FORT DEBOUT ;;;;;;;
DU FOUR A CHAUX; DU FOUR A CHAUX ;;;;;;;
DU GARD; DU GARD ;;;;;;;
DU GENERAL ANNE DE LA BOURDONNAYE; DU GENERAL ANNE DE LA BOURDONNAYE ; DU GENERAL A DE LA BOURDONNAYE ; DU GENERAL DE LA BOURDONNAYE ; DU GAL A DE LA BOURDONNAYE ; DU GENERAL ANNE DE LA BORDONNAYE ; DU GENERAL ANNE DE LA BOURDANNAYE ;;
DU GENERAL DE WETT; DU GENERAL DE WETT ;;;;;;;
DU GRAND BUT; DU GRAND BUT ;;;;;;;
DU GROS GERARD; DU GROS GERARD ;;;;;;;
DU GUET; DU GUET ;;;;;;;
DU HAVRE; DU HAVRE ;;;;;;;
DU JAMBON; DU JAMBON ;;;;;;;
DU JARDIN DES PLANTES; DU JARDIN DES PLANTES ;;;;;;;
DU LIEUTENANT COLPIN; DU LIEUTENANT COLPIN ;;;;;;;
DU LIEUTENANT PRINCETEAU; DU LIEUTENANT PRINCETEAU ;;;;;;;
DU LOMBARD; DU LOMBARD ;;;;;;;
DU LONG POT; DU LONG POT ;;;;;;;
DU MAGASIN; DU MAGASIN ;;;;;;;
DU MAIRE ANDRE; DU MAIRE ANDRE ;;;;;;;
DU MAIRE BECQUART; DU MAIRE BECQUART ;;;;;;;
DU MAL ASSIS; DU MAL ASSIS ;;;;;;;
DU MARAIS; DU MARAIS ; DU MARAIS DE LOMME ; DE MARAIS DE LOMME ;;;;;
DU MARCHE; DU MARCHE ;;;;;;;
DU MARECHAL DE LATTRE DE TASSIGNY; DU MARECHAL DE LATTRE DE TASSIGNY ; DU MAL DE LATTRE DE TASSIGNY ;;;;;;
DU MARECHAL FOCH; DU MARECHAL FOCH ;;;;;;;
DU MARECHAL MORTIER; DU MARECHAL MORTIER ;;;;;;;
DU MELANTOIS; DU MELANTOIS ;;;;;;;
DU METZ; DU METZ ;;;;;;;
DU MOLINEL; DU MOLINEL ;;;;;;;
DU MONT DE PIETE; DU MONT DE PIETE ;;;;;;;
DU MOULIN DU BECQUET; DU MOULIN DU BECQUET ;;;;;;;
DU NORD; DU NORD ;;;;;;;
DU NOUVEAU SIECLE; DU NOUVEAU SIECLE ;;;;;;;
DU PALAIS DE JUSTICE; DU PALAIS DE JUSTICE ;;;;;;;
DU PALAIS RIHOUR; DU PALAIS RIHOUR ;;;;;;;
DU PARADIS; DU PARADIS ;;;;;;;
DU PETIT PAON; DU PETIT PAON ;;;;;;;
DU PLAT; DU PLAT ;;;;;;;
DU PONT A FOURCHON; DU PONT A FOURCHON ; DU PONT A FORCHON ;;;;;;
DU PONT A RAISNES; DU PONT A RAISNES ; DU PONT A RAISMES ;;;;;;
DU PONT DU LION D OR; DU PONT DU LION D OR ;;;;;;;
DU PONT NEUF; DU PONT NEUF ;;;;;;;
DU PORT; DU PORT ;;;;;;;
DU PRIEURE; DU PRIEURE ;;;;;;;
DU PRIEZ; DU PRIEZ ;;;;;;;
DU PROFESSEUR CALMETTE; DU PROFESSEUR CALMETTE ;;;;;;;
DU PROFESSEUR LAGUESSE; DU PROFESSEUR LAGUESSE ;;;;;;;
DU PROFESSEUR LAMAZE; DU PROFESSEUR LAMAZE ;;;;;;;
DU PROFESSEUR LANGEVIN; DU PROFESSEUR LANGEVIN ;;;;;;;
DU PROGRES; DU PROGRES ;;;;;;;
DU PTIT D SIRE; DU PTIT D SIRE ;;;;;;;
DU PUITS AU BOIS; DU PUITS AU BOIS ;;;;;;;
DU QUAI; DU QUAI ;;;;;;;
DU REDUIT; DU REDUIT ;;;;;;;
DU REMPART; DU REMPART ;;;;;;;
DU REPOS; DU REPOS ;;;;;;;
DU SABOT; DU SABOT ;;;;;;;
DU SEC AREMBAULT; DU SEC AREMBAULT ; DU SECAREMBAULT ;;;;;;
DU SOLEIL LEVANT; DU SOLEIL LEVANT ;;;;;;;
DU THEATRE DE VERDURE; DU THEATRE DE VERDURE ;;;;;;;
DU TRAIN DE LOOS; DU TRAIN DE LOOS ;;;;;;;
DU VAISSEAU LE VENGEUR; DU VAISSEAU LE VENGEUR ; VAISSEAU LE VENGEUR ; DU VAISEAU LE VENGEUR ;;;;;
DU VERT BOIS; DU VERT BOIS ;;;;;;;
DU VIEUX FAUBOURG; DU VIEUX FAUBOURG ;;;;;;;
DU VIEUX MOULIN; DU VIEUX MOULIN ;;;;;;;
DU VINGTIEME SIECLE; DU VINGTIEME SIECLE ; DU 20E SIECLE LOMME ; DU XXEME SIECLE ; DU 20EME SIECLE ;;;;
DUBOIS; DUBOIS ;;;;;;;
DUBRUNFAUT; DUBRUNFAUT ;;;;;;;
DUCORNET; DUCORNET ;;;;;;;
DUCOUROUBLE; DUCOUROUBLE ;;;;;;;
DUGUESCLIN; DUGUESCLIN ; DU GUESCLIN ; DUGUSCLIN  ; DUGESCLIN ;;;;
DUHEM; DUHEM ;;;;;;;
DUMONT D URVILLE; DUMONT D URVILLE ; DU MONT D URVILLE ;;;;;;
DUPETIT-THOUARS; DUPETIT-THOUARS ;;;;;;;
DUPLEIX; DUPLEIX ; DUPLEX ;;;;;;
DUPUYTREN; DUPUYTREN ;;;;;;;
DURNERIN; DURNERIN ;;;;;;;
EDGAR DEGAS; EDGAR DEGAS ;;;;;;;
EDGARD QUINET; EDGARD QUINET ;;;;;;;
EDMOND BAILLEUX; EDMOND BAILLEUX ;;;;;;;
DELESALLE; EDOUARD DELESALLE ; CHARLES DELESALLE ; DELESALLE ;;;;;
EDOUARD DOYENNETTE; EDOUARD DOYENNETTE ; EDOAURD DOYONNETTE ;;;;;;
EDOUARD HERRIOT; EDOUARD HERRIOT ; EDOUART HERIOT ;;;;;;
EDOUARD MANET; EDOUARD MANET ;;;;;;;
EDOUARD VAILLANT; EDOUARD VAILLANT ;;;;;;;
EINSTEIN; EINSTEIN ;;;;;;;
ELIE PETITPREZ; ELIE PETITPREZ ;;;;;;;
ELSA TRIOLET; ELSA TRIOLET ;;;;;;;
EMILE BOREL; EMILE BOREL ;;;;;;;
EMILE DESMET; EMILE DESMET ;;;;;;;
EMILE ROUZE; EMILE ROUZE ;;;;;;;
EMILE VANDENBERGHE; EMILE VANDENBERGHE ;;;;;;;
EMILE ZOLA; EMILE ZOLA ;;;;;;;
ERNEST BETOURNE; ERNEST BETOURNE ;;;;;;;
ERNEST COUTEAUX; ERNEST COUTEAUX ;;;;;;;
ERNEST DECONYNCK; ERNEST DECONYNCK ; ERNEST DECONINCK ;;;;;;
ERNEST LOYER; ERNEST LOYER ;;;;;;;
ERNEST MAYER; ERNEST MAYER ;;;;;;;
ERNEST WALLART; ERNEST WALLART ;;;;;;;
ESQUERMOISE; ESQUERMOISE ;;;;;;;
ETIENNE DOLET; ETIENNE DOLET ;;;;;;;
EUGENE DELACROIX; EUGENE DELACROIX ;;;;;;;
EUGENE DEREUSE; EUGENE DEREUSE ;;;;;;;
EUGENE DESCAMPS; EUGENE DESCAMPS ;;;;;;;
EUGENE IMBERT DE LA PHALECQUE; EUGENE IMBERT DE LA PHALECQUE ;;;;;;;
EUGENE JACQUET; EUGENE JACQUET ;;;;;;;
EUGENE VARLIN; EUGENE VARLIN ;;;;;;;
EUGENE VERMEERSCH; EUGENE VERMEERSCH ;;;;;;;
EULER; EULER ;;;;;;;
FABRE D EGLANTINE; FABRE D EGLANTINE ; FABRES D'EGLANTINES ;;;;;;
FABRICY; FABRICY ;;;;;;;
FAIDHERBE; FAIDHERBE ;;;;;;;
FARADAY; FARADAY ;;;;;;;
FEMY; FEMY ;;;;;;;
FENELON; FENELON ;;;;;;;
FERDINAND BUISSON; FERDINAND BUISSON ;;;;;;;
FERDINAND MATHIAS; FERDINAND MATHIAS ; FERDINAND MATTIAS ;;;;;;
FERMAT; FERMAT ;;;;;;;
FERNAND GUILBERT; FERNAND GUILBERT ; FERNAND ;;;;;;
FERRER; FERRER ;;;;;;;
FEUTRY; FEUTRY ;;;;;;;
FLAMEN; FLAMEN ;;;;;;;
FLEMING; FLEMING ; FLEMMING ;;;;;;
FLORA TRISTAN; FLORA TRISTAN ;;;;;;;
FONTAINE DEL SAULX; FONTAINE DEL SAULX ;;;;;;;
FONTENELLE; FONTENELLE ;;;;;;;
FOURIER; FOURIER ;;;;;;;
FOURMENTEL; FOURMENTEL ; FOURNENTEL ;;;;;;
FRANCIS DE PRESSENCE; FRANCIS DE PRESSENCE ;;;;;;;
FRANCISCO FERRER; FRANCISCO FERRER ;;;;;;;
FRANCOIS COPPEE; FRANCOIS COPPEE ; FRANCOIS COPPE ;;;;;;
FRANCOIS MILLET; FRANCOIS MILLET ;;;;;;;
FRANCOIS VILLON; FRANCOIS VILLON ;;;;;;;
FRANCOISE CACHIN; FRANCOISE CACHIN ;;;;;;;
FRANCOISE GIROUD; FRANCOISE GIROUD ;;;;;;;
FRANCOIS-JOSEPH DEROULLERS; FRANCOIS-JOSEPH DEROULLERS ;;;;;;;
FRANCOIS-JOSEPH NOLLET; FRANCOIS-JOSEPH NOLLET ; FRANCOIS JOSEPH NOLLET ;;;;;;
FRANKLIN; FRANKLIN ;;;;;;;
FREDERIC COMBEMALE; FREDERIC COMBEMALE ; DE FREDERIC COMBENALE ; FREDERIC COMBEMAL ;;;;;
FREDERIC JOLIOT CURIE; FREDERIC JOLIOT CURIE ; FREDERIC JOLLIOT CURIE ;;;;;;
FREDERIC MOTTEZ; FREDERIC MOTTEZ ;;;;;;;
FREMAUX; FREMAUX ;;;;;;;
FREMY; FREMY ;;;;;;;
FROISSART; FROISSART ;;;;;;;
FULTON; FULTON ;;;;;;;
GALILEE; GALILEE ;;;;;;;
GALLIENI; GALLIENI ;;;;;;;
GANTOIS; GANTOIS ;;;;;;;
GARIBALDI; GARIBALDI ;;;;;;;
GASSENDI; GASSENDI ;;;;;;;
GAUTHIER DE CHATILLON; GAUTHIER DE CHATILLON ;;;;;;;
GAVARNI; GAVARNI ;;;;;;;
GAY LUSSAC; GAY LUSSAC ;;;;;;;
GENEVIEVE ANTHONIOZ-DE GAULLE; GENEVIEVE ANTHONIOZ-DE GAULLE ; GENEVIEVE DE GAULLE ANTHONIOZ ; GENEVIEVE ANTHONIOZ DE GAULLE ;;;;;
GEOFFROY-SAINT-HILAIRE; GEOFFROY-SAINT-HILAIRE ; GEOFFROY SAINT HILAIRE ; GEOFFROY SAINT-HILAIRE ; GEOFFROY SAINT HJILAIRE ; GEOFFROY ST-HILAIRE ; GEOFFROY ST HILAIRE ;;
GEORGES BIZET; GEORGES BIZET ;;;;;;;
GEORGES CLEMENCEAU; GEORGES CLEMENCEAU ;;;;;;;
GEORGES COURTELINE; GEORGES COURTELINE ;;;;;;;
GEORGES DANTON; GEORGES DANTON ;;;;;;;
GEORGES LEFEBVRE; GEORGES LEFEBVRE ; GEORGES LEFEVRE ;;;;;;
GEORGES MAERTENS; GEORGES MAERTENS ; GEORGES MARTENS ;;;;;;
GEORGES MANDEL; GEORGES MANDEL ;;;;;;;
GERMAIN PILON; GERMAIN PILON ; GERMAIN PILLON ;;;;;;
GIRAUD; GIRAUD ;;;;;;;
GOBIN; GOBIN ;;;;;;;
GODEFROY CAVAIGNAC; GODEFROY CAVAIGNAC ; GODEFROY DE CAVAIGNAC ;;;;;;
GOETHE; GOETHE ;;;;;;;
GOMBERT; GOMBERT ;;;;;;;
GOSSELET; GOSSELET ; GOSSELETS ;;;;;;
GOSSELIN; GOSSELIN ;;;;;;;
GOUBET; GOUBET ;;;;;;;
GOUNOD; GOUNOD ;;;;;;;
GRANDE CHAUSSEE; GRANDE CHAUSSEE ;;;;;;;
GREUZE; GREUZE ;;;;;;;
GUILLAUME APOLLINAIRE; GUILLAUME APOLLINAIRE ; APOLLINAIRE ;;;;;;
GUILLAUME TELL; GUILLAUME TELL ;;;;;;;
GUILLAUME WERNIERS; GUILLAUME WERNIERS ;;;;;;;
GUSTAVE COURBET; GUSTAVE COURBET ;;;;;;;
GUSTAVE DELORY; GUSTAVE DELORY ; GUSTVAE DELORY ;;;;;;
GUSTAVE ENGRAND; GUSTAVE ENGRAND ;;;;;;;
GUSTAVE HENNION; GUSTAVE HENNION ;;;;;;;
GUSTAVE JOLIVET; GUSTAVE JOLIVET ;;;;;;;
GUSTAVE JONCQUET; GUSTAVE JONCQUET ;;;;;;;
GUSTAVE NADAUD; GUSTAVE NADAUD ;;;;;;;
GUSTAVE TESTELIN; GUSTAVE TESTELIN ;;;;;;;
GUTENBERG; GUTENBERG ;;;;;;;
GUY DE MAUPASSANT; GUY DE MAUPASSANT ;;;;;;;
GUYNEMER; GUYNEMER ;;;;;;;
HALEVY; HALEVY ;;;;;;;
HECTOR LEMAIRE; HECTOR LEMAIRE ;;;;;;;
HEGEL; HEGEL ;;;;;;;
HELMAN; HELMAN ;;;;;;;
HENRI BAILLEUX; HENRI BAILLEUX ;;;;;;;
HENRI DUNANT; HENRI DUNANT ; DUNANT ;;;;;;
HENRI KOLB; HENRI KOLB ;;;;;;;
HENRI LESTIENNE; HENRI LESTIENNE ;;;;;;;
HENRI LOYER; HENRI LOYER ;;;;;;;
HENRI NOGUERES; HENRI NOGUERES ;;;;;;;
HENRI PLOYART; HENRI PLOYART ;;;;;;;
HENRI REGNAULT; HENRI REGNAULT ;;;;;;;
HIPPOLYTE LAURAND; HIPPOLYTE LAURAND ;;;;;;;
HIPPOLYTE LEFEBVRE; HIPPOLYTE LEFEBVRE ; HIPPOLYTE LEFREBVRE ;;;;;;
HOCHE; HOCHE ;;;;;;;
HONORE DE BALZAC; HONORE DE BALZAC ; HONORE DE BALSAC ;;;;;;
HOVELACQUE; HOVELACQUE ;;;;;;;
JACQUARD; JACQUARD ;;;;;;;
JACQUART; JACQUART ;;;;;;;
JACQUEMARS GIELEE; JACQUEMARS GIELEE ; JACQUEMARD GILEE ; JACQUEMARD GILIEE ;;;;;
JAMES WATT; JAMES WATT ;;;;;;;
JAVARY; JAVARY ;;;;;;;
JEAN BART; JEAN BART ; JEAN BAERT ;;;;;;
JEAN DU SOLIER; JEAN DU SOLIER ;;;;;;;
JEAN GIRAUDOUX; JEAN GIRAUDOUX ; GIRAUDOUX ;;;;;;
JEAN JAURES; JEAN JAURES ; JEANJAURES ;;;;;;
JEAN LEVASSEUR; JEAN LEVASSEUR ;;;;;;;
JEAN MACE; JEAN MACE ;;;;;;;
JEAN MINET; JEAN MINET ;;;;;;;
JEAN MOULIN; JEAN MOULIN ;;;;;;;
JEAN PERRIN; JEAN PERRIN ;;;;;;;
JEAN PROUVE; JEAN PROUVE ;;;;;;;
JEAN ROISIN; JEAN ROISIN ;;;;;;;
JEAN ROSTAND; JEAN ROSTAND ;;;;;;;
JEAN SANS PEUR; JEAN SANS PEUR ;;;;;;;
JEAN WALTER; JEAN WALTER ;;;;;;;
JEAN ZAY; JEAN ZAY ;;;;;;;
JEAN-BAPTISTE CLEMENT; JEAN-BAPTISTE CLEMENT ; JEAN BAPTISTE CLEMENT ;;;;;;
JEAN-BAPTISTE DUMAS; JEAN-BAPTISTE DUMAS ; JEAN BAPTISTE DUMAS ; JEANBAPTISTE DUMAS ;;;;;
JEAN-JACQUES ROUSSEAU; JEAN-JACQUES ROUSSEAU ; JEAN JACQUES ROUSSEAU ; JEANJACQUES ROUSSEAU ;;;;;
JEANNE D ARC; JEANNE D ARC ; JEANNE D ARCQ ;;;;;;
JEANNE GODART; JEANNE GODART ;;;;;;;
JEANNE LAVALLARD; JEANNE LAVALLARD ;;;;;;;
JEANNE MAILLOTTE; JEANNE MAILLOTTE ;;;;;;;
JORDAENS; JORDAENS ;;;;;;;
JORIS KARL HUYSMANS; JORIS KARL HUYSMANS ;;;;;;;
JOSEPH BARA; JOSEPH BARA ;;;;;;;
JOSEPH WAMBROUCK; JOSEPH WAMBROUCK ;;;;;;;
JULES BRETON; JULES BRETON ;;;;;;;
JULES DE VICQ; JULES DE VICQ ; JULES DE VICK ;;;;;;
JULES DUPRE; JULES DUPRE ;;;;;;;
JULES FERRY; JULES FERRY ;;;;;;;
JULES GOURY; JULES GOURY ;;;;;;;
JULES GUESDE; JULES GUESDE ; JULES GUESDES ; JULES GUEDE ;;;;;
JULES LAISNE; JULES LAISNE ;;;;;;;
JULES LEFEBVRE; JULES LEFEBVRE ;;;;;;;
JULES MOUSSERON; JULES MOUSSERON ;;;;;;;
JULES NOUTOUR; JULES NOUTOUR ;;;;;;;
JULES VALLES; JULES VALLES ;;;;;;;
JULES VERNE; JULES VERNE ;;;;;;;
KANT; KANT ;;;;;;;
KELLERMANN; KELLERMANN ;;;;;;;
KEPLER; KEPLER ;;;;;;;
KLEBER; KLEBER ;;;;;;;
KUHLMANN; KUHLMANN ; KUHLMAN ; KULHMAN ; KULHMANN ; KULMANN ; KHULMANN ;;
LA BOETIE; LA BOETIE ;;;;;;;
LA BRUYERE; LA BRUYERE ;;;;;;;
LA FAYETTE; LA FAYETTE ; LAFAYETTE ;;;;;;
LA FONTAINE; LA FONTAINE ;;;;;;;
LADRIERE; LADRIERE ;;;;;;;
LALLEMENT; LALLEMENT ;;;;;;;
LAMARTINE; LAMARTINE ;;;;;;;
LAPLACE; LAPLACE ;;;;;;;
LASSUS; LASSUS ;;;;;;;
LAVOISIER; LAVOISIER ;;;;;;;
LAZARE GARREAU; LAZARE GARREAU ;;;;;;;
LE FORT; LE FORT ;;;;;;;
LE GLAY; LE GLAY ;;;;;;;
LE VERRIER; LE VERRIER ;;;;;;;
LEDRU ROLLIN; LEDRU ROLLIN ; LEBRU ROLLEM ; LEDRU MERLIN ;;;;;
LEO LAGRANGE; LEO LAGRANGE ;;;;;;;
LEON BLUM; LEON BLUM ;;;;;;;
LEON CREPY; LEON CREPY ;;;;;;;
LEON GAMBETTA; LEON GAMBETTA ;;;;;;;
LEON JOUHAUX; LEON JOUHAUX ;;;;;;;
LEON TRULIN; LEON TRULIN ;;;;;;;
LEONARD DANEL; LEONARD DANEL ;;;;;;;
LEPELLETIER; LEPELLETIER ;;;;;;;
LEQUENNE; LEQUENNE ;;;;;;;
LESAGE SENAULT; LESAGE SENAULT ;;;;;;;
LESTIBOUDOIS; LESTIBOUDOIS ;;;;;;;
LEUTY; LEUTY ;;;;;;;
LEY; LEY ;;;;;;;
L HERMINET; L HERMINET ;;;;;;;
LINE DARIEL; LINE DARIEL ;;;;;;;
LITTRE; LITTRE ;;;;;;;
LORENT LESCORNEZ; LORENT LESCORNEZ ;;;;;;;
LOUIS ARAGON; LOUIS ARAGON ;;;;;;;
LOUIS BERGOT; LOUIS BERGOT ;;;;;;;
LOUIS BLANC; LOUIS BLANC ;;;;;;;
LOUIS BLERIOT; LOUIS BLERIOT ;;;;;;;
LOUIS BRAILLE; LOUIS BRAILLE ;;;;;;;
LOUIS CHRISTIAENS; LOUIS CHRISTIAENS ; LOUIS CHRISTIAN ; CHRISTIAENS ;;;;;
LOUIS DELOS; LOUIS DELOS ;;;;;;;
LOUIS DUPIED; LOUIS DUPIED ;;;;;;;
LOUIS FAURE; LOUIS FAURE ;;;;;;;
LOUIS LOUCHEUR; LOUIS LOUCHEUR ;;;;;;;
LOUIS NIQUET; LOUIS NIQUET ; LOUIS NICQUET ; NIQUET ;;;;;
LOUIS SPRIET; LOUIS SPRIET ;;;;;;;
LOUISE BOURGEOIS; LOUISE BOURGEOIS ;;;;;;;
LOUISE LABE; LOUISE LABE ;;;;;;;
LOUISE MICHEL; LOUISE MICHEL ;;;;;;;
LYDERIC; LYDERIC ;;;;;;;
LYDIE DEREUSE-BEHAGUE; LYDIE DEREUSE-BEHAGUE ; LYDIE DEREUSE BEHAGUE ; LYDIE DEREUSE BEHAGHE ;;;;;
MACQUART; MACQUART ;;;;;;;
MADAME DE STAEL; MADAME DE STAEL ;;;;;;;
MADELEINE REBERIOUX; MADELEINE REBERIOUX ; MADELEINE RIBERIOUX ;;;;;;
MAGENTA; MAGENTA ;;;;;;;
MALAKOFF; MALAKOFF ;;;;;;;
MALESHERBES; MALESHERBES ;;;;;;;
MALPART; MALPART ;;;;;;;
MALSENCE; MALSENCE ; MALCENSE ;;;;;;
MALUS; MALUS ;;;;;;;
MANUEL; MANUEL ;;;;;;;
MARACCI; MARACCI ;;;;;;;
MARCEAU; MARCEAU ;;;;;;;
MARCEL BAVYE; MARCEL BAVYE ; MARCEL BAVY ;;;;;;
MARCEL BOUDERIEZ; MARCEL BOUDERIEZ ;;;;;;;
MARCEL HENAUX; MARCEL HENAUX ;;;;;;;
MARCEL SEMBAT; MARCEL SEMBAT ;;;;;;;
MARCELIN KREBS; MARCELIN KREBS ;;;;;;;
MARGUERITE DURAS; MARGUERITE DURAS ;;;;;;;
MARGUERITE YOURCENAR; MARGUERITE YOURCENAR ; MARGUERITE YOURCENNAR ; MARGUERITE YOUCENAR ;;;;;
MARIE PAPE-CARPANTIER; MARIE PAPE-CARPANTIER ;;;;;;;
MARIN LA MESLEE; MARIN LA MESLEE ;;;;;;;
MARIOTTE; MARIOTTE ;;;;;;;
MARX DORMOY; MARX DORMOY ;;;;;;;
MASSENA; MASSENA ;;;;;;;
MASSENET; MASSENET ;;;;;;;
MASSILLON; MASSILLON ;;;;;;;
MATTEOTTI; MATTEOTTI ; MATTEOTI ; MATEOTTI ;;;;;
MAUGRE; MAUGRE ;;;;;;;
MAURICE BERTEAUX; MAURICE BERTEAUX ; MAURICE BERTAUX ; BERTEAUX ;;;;;
MAURICE RAVEL; MAURICE RAVEL ;;;;;;;
MAXIME GORKI; MAXIME GORKI ;;;;;;;
MAXIMILIEN DE ROBESPIERRE; MAXIMILIEN DE ROBESPIERRE ;;;;;;;
MEHL; MEHL ;;;;;;;
MENU; MENU ;;;;;;;
MERMOZ; MERMOZ ;;;;;;;
MEUREIN; MEUREIN ;;;;;;;
MEXICO; MEXICO ;;;;;;;
MICHEL ANGE; MICHEL ANGE ; MICHELANGE ;;;;;;
MICHEL SERVET; MICHEL SERVET ;;;;;;;
MIRABEAU; MIRABEAU ;;;;;;;
MOILLET; MOILLET ;;;;;;;
MOLIERE; MOLIERE ;;;;;;;
MONGE; MONGE ;;;;;;;
MONTAIGNE; MONTAIGNE ;;;;;;;
MONTESQUIEU; MONTESQUIEU ;;;;;;;
MONTGOLFIER; MONTGOLFIER ;;;;;;;
MOURMANT; MOURMANT ;;;;;;;
NATIONALE; NATIONALE ;;;;;;;
NECKER; NECKER ;;;;;;;
NEGRIER; NEGRIER ;;;;;;;
NEUVE; NEUVE ;;;;;;;
NEWTON; NEWTON ;;;;;;;
NICOLAS LEBLANC; NICOLAS LEBLANC ;;;;;;;
NORBERT SEGARD; NORBERT SEGARD ; NORBERT SEGART ;;;;;;
NUNGESSER; NUNGESSER ;;;;;;;
OLLIVIER; OLLIVIER ;;;;;;;
OLYMPE DE GOUGES; OLYMPE DE GOUGES ;;;;;;;
OMER LAMMELEIN; OMER LAMMELEIN ;;;;;;;
OSCAR FANYAU; OSCAR FANYAU ;;;;;;;
OVIGNEUR; OVIGNEUR ;;;;;;;
PARMENTIER; PARMENTIER ;;;;;;;
PARRAYON; PARRAYON ; PARRAYAN ;;;;;;
PASCAL; PASCAL ;;;;;;;
PASTEUR; PASTEUR ;;;;;;;
PATOU; PATOU ;;;;;;;
PAUL BARDOU; PAUL BARDOU ;;;;;;;
PAUL BERT; PAUL BERT ;;;;;;;
PAUL BOURGET; PAUL BOURGET ; PAUL BOURGE ;;;;;;
PAUL CEZANNE; PAUL CEZANNE ;;;;;;;
PAUL DUEZ; PAUL DUEZ ;;;;;;;
PAUL ET ELISEE PAINDAVOINE; PAUL ET ELISEE PAINDAVOINE ; PAINDAVOINE ;;;;;;
PAUL GAUGUIN; PAUL GAUGUIN ;;;;;;;
PAUL KIMPE; PAUL KIMPE ;;;;;;;
PAUL LAFARGUE; PAUL LAFARGUE ; PAUL LAFARGE ;;;;;;
PAUL PARISOT; PAUL PARISOT ;;;;;;;
PAUL RAMADIER; PAUL RAMADIER ; RAMADIER ;;;;;;
PAUL-LOUIS COURRIER; PAUL-LOUIS COURRIER ; PAUL LOUIS COURIER ;;;;;;
PELOUZE; PELOUZE ;;;;;;;
PHARAON DE WINTER; PHARAON DE WINTER ;;;;;;;
PHILIPPE DE COMINES; PHILIPPE DE COMINES ;;;;;;;
PHILIPPE DE GIRARD; PHILIPPE DE GIRARD ;;;;;;;
PHILIPPE LEBON; PHILIPPE LEBON ;;;;;;;
PHILIPPE-LAURENT ROLAND; PHILIPPE-LAURENT ROLAND ; PHILIPPE LAURENT ROLAND ; ROLAND ;;;;;
PIERRE BAUMANN; PIERRE BAUMANN ;;;;;;;
PIERRE BROSSOLETTE; PIERRE BROSSOLETTE ;;;;;;;
PIERRE CURIE; PIERRE CURIE ;;;;;;;
PIERRE DELMAS; PIERRE DELMAS ;;;;;;;
PIERRE DUPONT; PIERRE DUPONT ;;;;;;;
PIERRE FOSFER; PIERRE FOSFER ;;;;;;;
PIERRE HACHIN; PIERRE HACHIN ;;;;;;;
PIERRE LEGRAND; PIERRE LEGRAND ;;;;;;;
PIERRE LOTI; PIERRE LOTI ; PIERRE LOTTI ;;;;;;
PIERRE MARTEL; PIERRE MARTEL ;;;;;;;
PIERRE MAUROY; PIERRE MAUROY ;;;;;;;
PIERRE MENDES FRANCE; PIERRE MENDES FRANCE ;;;;;;;
PIERRE-JOSEPH PROUDHON; PIERRE-JOSEPH PROUDHON ;;;;;;;
PLINE; PLINE ;;;;;;;
PORRET; PORRET ;;;;;;;
PRINCESSE; PRINCESSE ;;;;;;;
PROSPER FRANCK; PROSPER FRANCK ;;;;;;;
PROUDHON; PROUDHON ;;;;;;;
RABELAIS; RABELAIS ; RABLAIS ;;;;;;
RACHEL LEMPEREUR; RACHEL LEMPEREUR ;;;;;;;
RACINE; RACINE ;;;;;;;
RASPAIL; RASPAIL ;;;;;;;
RATISBONNE; RATISBONNE ; RATISBONNE ;;;;;;
REAUMUR; REAUMUR ;;;;;;;
RENAN; RENAN ;;;;;;;
RENE BODELE; RENE BODELE ; REINE BODELE ; REINE BODEL ;;;;;
RENE GRAUWIN; RENE GRAUWIN ;;;;;;;
RENEE LAMBERT; RENEE LAMBERT ; RENE LAMBERT ;;;;;;
REUBLIN; REUBLIN ;;;;;;;
RICHARD WAGNER; RICHARD WAGNER ;;;;;;;
ROBESPIERRE; ROBESPIERRE ;;;;;;;
ROGER MARCON; ROGER MARCON ;;;;;;;
ROGER SALENGRO; ROGER SALENGRO ;;;;;;;
ROGEZ; ROGEZ ;;;;;;;
ROLAND GARROS; ROLAND GARROS ;;;;;;;
ROMAIN ROLLAND; ROMAIN ROLLAND ;;;;;;;
RONSARD; RONSARD ;;;;;;;
ROPRA; ROPRA ;;;;;;;
ROUGET DE LISLE; ROUGET DE LISLE ; ROUGET DE L ISLE ;;;;;;
ROYALE; ROYALE ; ROYAL ;;;;;;
RUBENS; RUBENS ;;;;;;;
SADI CARNOT; SADI CARNOT ;;;;;;;
SAGET; SAGET ;;;;;;;
SAINT ALBIN; SAINT ALBIN ; SAINT-ALBIN ;;;;;;
SAINT AME; SAINT AME ; SAINT-AME ;;;;;;
SAINT ANDRE; SAINT ANDRE ; SAINT-ANDRE ; SAINTANDRE ;;;;;
SAINT BERNARD; SAINT BERNARD ; SAINT-BERNARD ;;;;;;
SAINT BLAISE; SAINT BLAISE ; SAINT-BLAISE ;;;;;;
SAINT ELOI; SAINT ELOI ; SAINT-ELOI ;;;;;;
SAINT FIRMIN; SAINT FIRMIN ; SAINT-FIRMIN ;;;;;;
SAINT FRANCOIS; SAINT FRANCOIS ; SAINT-FRANCOIS ;;;;;;
SAINT JEAN; SAINT JEAN ; SAINT-JEAN ;;;;;;
SAINT JEAN-BAPTISTE DE LA SALLE; SAINT JEAN-BAPTISTE DE LA SALLE ; SAINT-JEAN-BAPTISTE DE LA SALLE ; SAINT-JEAN BAPTISTE DE LA SALLE ;;;;;
SAINT JUST; SAINT JUST ; SAINT-JUST ; SAINTJUSTE ; SAINT JUSTE ;;;;
SAINT MARC; SAINT MARC ; SAINT-MARC ;;;;;;
SAINT MARTIN; SAINT MARTIN ; SAINT-MARTIN ;;;;;;
SAINT SIMON; SAINT SIMON ; SAINT-SIMON ;;;;;;
SAINT VINCENT DE PAUL; SAINT VINCENT DE PAUL ; SAINT-VINCENT DE PAUL ;;;;;;
SAINT-DRUON; SAINT-DRUON ; SAINT DRUON ;;;;;;
SAINTE ALDEGONDE; SAINTE ALDEGONDE ; SAINTE-ALDEGONDE ;;;;;;
SAINTE BARBE; SAINTE BARBE ; SAINTE-BARBE ;;;;;;
SAINTE CATHERINE; SAINTE CATHERINE ; SAINTE-CATHERINE ; SAINTECATHERINE ;;;;;
SAINTE MARIE; SAINTE MARIE ; SAINTE-MARIE ;;;;;;
SAINTE-ANNE; SAINTE-ANNE ; SAINTE ANNE ;;;;;;
SAINT-ETIENNE; SAINT-ETIENNE ; SAINT ETIENNE ;;;;;;
SAINT-GABRIEL; SAINT-GABRIEL ; SAINT GABRIEL ; ST GABRIEL ; ST-GABRIEL ;SAINTGABRIEL;;;
SAINT-GENOIS; SAINT-GENOIS ; SAINT GENOIS ;;;;;;
SAINT-JACQUES; SAINT-JACQUES ; SAINT JACQUES ;;;;;;
SAINT-JOSEPH; SAINT-JOSEPH ; SAINT JOSEPH ;;;;;;
SAINT-LUC; SAINT-LUC ; SAINT LUC ; SAINTLUC ;;;;;
SAINT-NICOLAS; SAINT-NICOLAS ; SAINT NICOLAS ;;;;;;
SAINT-PIERRE SAINT-PAUL; SAINT-PIERRE SAINT-PAUL ; SAINT PIERRE SAINT-PAUL ;;;;;;
SAINT-SAUVEUR; SAINT-SAUVEUR ; SAINT SAUVEUR ;;;;;;
SAINT-SEBASTIEN; SAINT-SEBASTIEN ; SAINT SEBASTIEN ; SAINTSEBASTIEN ;;;;;
SALEMBIER; SALEMBIER ;;;;;;;
SALOME; SALOME ;;;;;;;
SCHEPERS; SCHEPERS ;;;;;;;
SCHUBERT; SCHUBERT ;;;;;;;
SIMONS; SIMONS ;;;;;;;
STAPPAERT; STAPPAERT ;;;;;;;
STENDHAL; STENDHAL ;;;;;;;
STEPHENSON; STEPHENSON ;;;;;;;
SURCOUF; SURCOUF ;;;;;;;
SYLVERE VERHULST; SYLVERE VERHULST ;;;;;;;
TESTELIN; TESTELIN ;;;;;;;
THENARD; THENARD ;;;;;;;
THIERS; THIERS ;;;;;;;
TRAVERSIERE; TRAVERSIERE ;;;;;;;
TRIBOURDEAU; TRIBOURDEAU ;;;;;;;
TURGOT; TURGOT ;;;;;;;
VAN DEN HEEDE; VAN DEN HEEDE ;;;;;;;
VAN DYCK; VAN DYCK ;;;;;;;
VAN GOGH; VAN GOGH ;;;;;;;
VAN HENDE; VAN HENDE ; VANHENDE ; VAN HEND ;;;;;
VAN OOST; VAN OOST ;;;;;;;
VANACKER; VANACKER ;;;;;;;
VANDERSTRAETEN; VANDERSTRAETEN ;;;;;;;
VANTROYEN; VANTROYEN ;;;;;;;
VASSEUR; VASSEUR ;;;;;;;
VAUCANSON; VAUCANSON ; VAUCAUSSON ;;;;;;
VERDI; VERDI ;;;;;;;
VERGNIAUD; VERGNIAUD ;;;;;;;
VERLAINE; VERLAINE ;;;;;;;
VERONESE; VERONESE ;;;;;;;
VIALA; VIALA ;;;;;;;
VICTOR ALLARD; VICTOR ALLARD ;;;;;;;
VICTOR CREPIN; VICTOR CREPIN ;;;;;;;
VICTOR DERODE; VICTOR DERODE ;;;;;;;
VICTOR DURUY; VICTOR DURUY ;;;;;;;
VICTOR HUGO; VICTOR HUGO ;;;;;;;
VICTOR MARTEL; VICTOR MARTEL ;;;;;;;
VICTOR RENARD; VICTOR RENARD ;;;;;;;
VICTOR TILMANT; VICTOR TILMANT ; DOCTEUR TILMANT ;;;;;;
VIEILLE; VIEILLE ;;;;;;;
VINCENT AURIOL; VINCENT AURIOL ;;;;;;;
VIOLETTE; VIOLETTE ;;;;;;;
GHESQUIERES; VIRGINIE GHESQUIERE ; HENRI GHESQUIERE ; VIRGINIE GHESQUIERES ; HENRI GHESQUIERES ; GHESQUIERES ; GHESQUIERE ; HENRI GUESQUIERE ; GESQUIERES 
VOLTA; VOLTA ;;;;;;;
VOLTAIRE; VOLTAIRE ;;;;;;;
WATTEAU; WATTEAU ;;;;;;;
WINCKELMANS; WINCKELMANS ;;;;;;;
WINSTON CHURCHILL; WINSTON CHURCHILL ;;;;;;;
WULVERICK; WULVERICK ;;;;;;;
SAINT SAUVEUR; SAINT SAUVEUR ;;;;;;;
DU CURE; DU CURE ;;;;;;;
DU PETIT BOIS; DU PETIT BOIS ;;;;;;;
FENELON; FENELON ;;;;;;;
DAUBENTON; DAUBENTON ;;;;;;;
DE L ERMITAGE; DE L ERMITAGE ; DE LA L ERMITAGE ;;;;;;
DE NORMANDIE; DE NORMANDIE ;;;;;;;
DE PICARDIE; DE PICARDIE ;;;;;;;
DES MADELONNETTES; DES MADELONNETTES ;;;;;;;
D ESPAGNE; D ESPAGNE ;;;;;;;
DU PONT NEUF; DU PONT NEUF ; DU PONTNEUF ;;;;;;
DU PORTUGAL; DU PORTUGAL ;;;;;;;
DU RAMPONNEAU; DU RAMPONNEAU ;;;;;;;
DUTILLEUL; DUTILLEUL ;;;;;;;
LESTIBOUDOIS; LESTIBOUDOIS ;;;;;;;
MORISSON; MORISSON ;;;;;;;
RAMEAU; RAMEAU ;;;;;;;
WANNOSCHOT; WANNOSCHOT ;;;;;;;
SAINTE CATHERINE; SAINTE CATHERINE ; SAINTE-CATHERINE ; SAINTECATHERINE ;;;;;
SAINT GEORGES; SAINT GEORGES ;;;;;;;
SAINT MICHEL; SAINT MICHEL ;;;;;;;
SAINTE-MARIE; SAINTE-MARIE ;;;;;;;
THEODORE MONOD; THEODORE MONOD ;;;;;;;
VICTOR SCHOELCHER; VICTOR SCHOELCHER ;;;;;;;
JEAN DEWASNE; JEAN DEWASNE ; JEAN DEWASNES ; JEAN DEWASANS ;;;;;
EDITH PIAF; EDITH PIAF ;;;;;;;
DE LA CROIX DE PIERRE; DE LA CROIX DE PIERRE ;;;;;;;
ETIENNE POULET; ETIENNE POULET ;;;;;;;
JEAN-RAYMOND DEGREVE; JEAN RAYMOND DEGREVE ; JEAN-RAYMOND DEGREVE ; JEANRAYMOND DEGREVE ;;;;;
LUCIE ET RAYMOND AUBRAC; LUCIE ET RAYMOND AUBRAC ;;;;;;;
DES GENETS; DES GENETS ;;;;;;;
DES FILEUSES; DES FILEUSES ;;;;;;;
